test_time_second,current_ampere,voltage_volt,surface_temperature_celsius
0,-0.0028854520177433,4.18726253105995,25
0.0250000000014552,-4.4852976021968,4.14773663640313,25
1.02200000000084,-4.49985614912163,4.13914405060817,25
2.02200000000084,-4.50000450681941,4.13494323088619,25
3.02200000000084,-4.50001355834606,4.1316971429192,25
4.02200000000084,-4.50000450681941,4.12845105495222,25
5.02300000000105,-4.49995944768455,4.12577780603823,25
6.02200000000084,-4.49999549499244,4.12348644982624,25
7.02200000000084,-4.50004059382698,4.12157698631625,25
8.02200000000084,-4.49993237250395,4.11947657645526,25
9.02200000000084,-4.49997747133849,4.11756711294526,25
10.0220000000008,-4.49996845951152,4.11584859578627,25
11.0220000000008,-4.50002257017304,4.11432102497828,25
12.0220000000008,-4.4999414240306,4.11279345417029,25
13.0220000000008,-4.5000676293079,4.11126588336229,25
14.0220000000008,-4.49997747133849,4.1099292589053,25
15.0220000000008,-4.50000450681941,4.10859263444831,25
16.0220000000008,-4.50005861748093,4.10744695634231,25
17.0220000000008,-4.49999549499244,4.10630127823632,25
18.0220000000008,-4.49997747133849,4.10515560013032,25
19.0220000000008,-4.49997747133849,4.10420086837533,25
20.0220000000008,-4.50003158200001,4.10305519026933,25
21.0220000000008,-4.49995043585758,4.10190951216334,25
22.0220000000008,-4.5000947044885,4.10095478040834,25
23.0220000000008,-4.49995944768455,4.09980910230235,25
24.0220000000008,-4.49996845951152,4.09885437054735,25
25.0220000000008,-4.49998648316547,4.09789963879235,25
26.0220000000008,-4.49996845951152,4.09694490703736,25
27.0220000000008,-4.49996845951152,4.09599017528236,25
28.0220000000008,-4.49992336067698,4.09522638987837,25
29.0220000000008,-4.49996845951152,4.09427165812337,25
30.0220000000008,-4.49997747133849,4.09331692636838,25
31.0220000000008,-4.50001355834606,4.09255314096438,25
32.0220000000008,-4.49999549499244,4.09178935556038,25
33.0220000000008,-4.49989632519606,4.09083462380539,25
34.0220000000008,-4.50004059382698,4.09007083840139,25
35.0220000000008,-4.49995944768455,4.08911610664639,25
36.0220000000008,-4.49999549499244,4.0885432675934,25
37.0220000000008,-4.50002257017304,4.0875885358384,25
38.0220000000008,-4.49997747133849,4.0868247504344,25
39.0220000000008,-4.49995944768455,4.08606096503041,25
40.0220000000008,-4.49989632519606,4.08548812597741,25
41.0220000000008,-4.50003158200001,4.08472434057341,25
42.0220000000008,-4.50000450681941,4.08396055516942,25
43.0220000000008,-4.49998648316547,4.08338771611642,25
44.0220000000008,-4.50004059382698,4.08262393071242,25
45.0110000000022,-4.50000450681941,4.08166919895743,25
46.0159999999996,-4.50000450681941,4.08109635990443,25
47.0110000000022,-4.50003158200001,4.08033257450043,25
48.0159999999996,-4.50000450681941,4.07975973544744,25
49.0110000000022,-4.50004960565395,4.07918689639444,25
50.018,-4.50001351864639,4.07842311099044,25
51.012999999999,-4.50001351864639,4.07785027193745,25
52.0200000000004,-4.49998648316547,4.07727743288445,25
53.0149999999994,-4.50002257017304,4.07670459383145,25
54.023000000001,-4.50004059382698,4.07613175477845,25
55.0169999999998,-4.49995043585758,4.07517702302346,25
56.0240000000013,-4.49995043585758,4.07460418397046,25
57.0190000000002,-4.50001355834606,4.07422229126846,25
58.0270000000019,-4.50001355834606,4.07345850586447,25
59.023000000001,-4.50001351864639,4.07288566681147,25
60.0329999999994,-4.50001351864639,4.07231282775847,25
61.0400000000009,-4.50004960565395,4.07154904235447,25
62.0329999999994,-4.50004059382698,4.07116714965248,25
63.0430000000015,-4.49995944768455,4.07059431059948,25
64.0360000000001,-4.50002257017304,4.07002147154648,25
65.0430000000015,-4.49995043585758,4.06944863249348,25
66.0360000000001,-4.50000450681941,4.06887579344049,25
67.0600000000013,-4.49998648316547,4.06811200803649,25
68.0869999999995,-4.49997747133849,4.06792106168549,25
69.0550000000003,-4.50004059382698,4.06734822263249,25
70.0750000000007,-4.50004960565395,4.0667753835795,25
71.0699999999997,-4.49997747133849,4.0662025445265,25
72.0610000000015,-4.49998648316547,4.0656297054735,25
73.0669999999991,-4.50004059382698,4.0652478127715,25
74.0620000000017,-4.49993237250395,4.06467497371851,25
75.0699999999997,-4.50005861748093,4.06429308101651,25
76.0740000000005,-4.50002257017304,4.06372024196351,25
77.094000000001,-4.49995043585758,4.06314740291051,25
78.0950000000012,-4.49996845951152,4.06257456385752,25
79.1219999999994,-4.50002257017304,4.06219267115552,25
80.0790000000015,-4.50002257017304,4.06161983210252,25
81.0849999999991,-4.49998648316547,4.06123793940052,25
82.099000000002,-4.5000676293079,4.06085604669852,25
83.094000000001,-4.49998648316547,4.06028320764553,25
84.094000000001,-4.50000450681941,4.05971036859253,25
85.094000000001,-4.49993237250395,4.05932847589053,25
86.094000000001,-4.50004960565395,4.05894658318853,25
87.094000000001,-4.50001351864639,4.05837374413553,25
88.094000000001,-4.50002257017304,4.05799185143354,25
89.094000000001,-4.49996845951152,4.05760995873154,25
90.094000000001,-4.49998648316547,4.05703711967854,25
91.094000000001,-4.50003158200001,4.05665522697654,25
92.094000000001,-4.49996845951152,4.05627333427454,25
93.094000000001,-4.50000450681941,4.05589144157255,25
94.094000000001,-4.50004059382698,4.05550954887055,25
95.094000000001,-4.50003158200001,4.05493670981755,25
96.094000000001,-4.50005861748093,4.05455481711555,25
97.094000000001,-4.49994138433093,4.05417292441355,25
98.094000000001,-4.50005861748093,4.05360008536056,25
99.094000000001,-4.49997747133849,4.05321819265856,25
100.094000000001,-4.50001355834606,4.05283629995656,25
101.094000000001,-4.50000450681941,4.05245440725456,25
102.094000000001,-4.49996845951152,4.05207251455256,25
103.094000000001,-4.49998648316547,4.05169062185056,25
104.094000000001,-4.50002253047336,4.05111778279757,25
105.094000000001,-4.49996845951152,4.05092683644657,25
106.094000000001,-4.50003158200001,4.05054494374457,25
107.094000000001,-4.50003158200001,4.05016305104257,25
108.094000000001,-4.49997747133849,4.04978115834057,25
109.094000000001,-4.49997747133849,4.04939926563858,25
110.094000000001,-4.5000676293079,4.04901737293658,25
111.094000000001,-4.50001351864639,4.04863548023458,25
112.094000000001,-4.49995043585758,4.04806264118158,25
113.094000000001,-4.49996845951152,4.04787169483058,25
114.094000000001,-4.49999549499244,4.04748980212858,25
115.094000000001,-4.5000676293079,4.04710790942659,25
116.094000000001,-4.50003158200001,4.04672601672459,25
117.094000000001,-4.49998648316547,4.04634412402259,25
118.094000000001,-4.49999549499244,4.04615317767159,25
119.083999999999,-4.49999549499244,4.04577128496959,25
120.083000000002,-4.49997747133849,4.04538939226759,25
121.083999999999,-4.49999549499244,4.0448165532146,25
122.083999999999,-4.50001355834606,4.0446256068636,25
123.083999999999,-4.49995944768455,4.0440527678106,25
124.083999999999,-4.49993237250395,4.0438618214596,25
125.084999999999,-4.49999549499244,4.0436708751086,25
126.099000000002,-4.50000450681941,4.0432889824066,25
127.095000000001,-4.50004059382698,4.0430980360556,25
128.095000000001,-4.50002257017304,4.0427161433536,25
129.095000000001,-4.50000450681941,4.04233425065161,25
130.095000000001,-4.49998648316547,4.04195235794961,25
131.095000000001,-4.49999549499244,4.04176141159861,25
132.095000000001,-4.50002257017304,4.04137951889661,25
133.095000000001,-4.50003158200001,4.04099762619461,25
134.095000000001,-4.49995944768455,4.04061573349261,25
135.094000000001,-4.50003158200001,4.04061573349261,25
136.095000000001,-4.50001355834606,4.04023384079062,25
137.095000000001,-4.50001355834606,4.03985194808862,25
138.094000000001,-4.50007664113487,4.03947005538662,25
139.095000000001,-4.49993237250395,4.03908816268462,25
140.094000000001,-4.50004960565395,4.03889721633362,25
141.094000000001,-4.49999549499244,4.03851532363162,25
142.095000000001,-4.50000450681941,4.03832437728063,25
143.094000000001,-4.50003158200001,4.03794248457863,25
144.094000000001,-4.49995043585758,4.03756059187663,25
145.095000000001,-4.50002257017304,4.03756059187663,25
146.095000000001,-4.50001351864639,4.03717869917463,25
147.094000000001,-4.50004059382698,4.03698775282363,25
148.095000000001,-4.49997747133849,4.03660586012163,25
149.095000000001,-4.50002257017304,4.03641491377063,25
150.094000000001,-4.50001351864639,4.03603302106864,25
151.095000000001,-4.50000450681941,4.03565112836664,25
152.095000000001,-4.50000450681941,4.03546018201564,25
153.095000000001,-4.50003158200001,4.03526923566464,25
154.095000000001,-4.50004960565395,4.03488734296264,25
155.112000000001,-4.49996845951152,4.03450545026064,25
156.107,-4.50004059382698,4.03450545026064,25
157.127,-4.50000450681941,4.03412355755864,25
158.121999999999,-4.49996845951152,4.03393261120765,25
159.121999999999,-4.49999549499244,4.03355071850565,25
160.121999999999,-4.50003158200001,4.03335977215465,25
161.137999999999,-4.50004059382698,4.03316882580365,25
162.116000000002,-4.49995944768455,4.03259598675065,25
163.117000000002,-4.49995043585758,4.03240504039965,25
164.116000000002,-4.50000450681941,4.03221409404865,25
165.127,-4.49994138433093,4.03202314769765,25
166.121999999999,-4.49999549499244,4.03164125499566,25
167.121999999999,-4.50001351864639,4.03145030864466,25
168.133000000002,-4.49995944768455,4.03125936229366,25
169.128000000001,-4.49994138433093,4.03106841594266,25
170.128000000001,-4.49995944768455,4.03087746959166,25
171.128000000001,-4.49993237250395,4.03049557688966,25
172.127,-4.50000450681941,4.03030463053866,25
173.128000000001,-4.50013075179639,4.03011368418766,25
174.128000000001,-4.49999549499244,4.02973179148566,25
175.128000000001,-4.49999549499244,4.02954084513467,25
176.128000000001,-4.49992336067698,4.02934989878367,25
177.128000000001,-4.50004960565395,4.02896800608167,25
178.128000000001,-4.49996845951152,4.02877705973067,25
179.128000000001,-4.49995944768455,4.02858611337967,25
180.128000000001,-4.49998648316547,4.02858611337967,25
181.128000000001,-4.49996845951152,4.02820422067767,25
182.127,-4.50001355834606,4.02801327432667,25
183.128000000001,-4.49993237250395,4.02782232797567,25
184.128000000001,-4.49997747133849,4.02763138162467,25
185.128000000001,-4.50002257017304,4.02724948892268,25
186.127,-4.49990533702304,4.02705854257168,25
187.128000000001,-4.50004059382698,4.02667664986968,25
188.128000000001,-4.49995944768455,4.02648570351868,25
189.128000000001,-4.49998648316547,4.02629475716768,25
190.128000000001,-4.50004059382698,4.02629475716768,25
191.128000000001,-4.49998648316547,4.02591286446568,25
192.128000000001,-4.49999549499244,4.02572191811468,25
193.128000000001,-4.49998648316547,4.02553097176368,25
194.128000000001,-4.50012173996941,4.02534002541268,25
195.133000000002,-4.50002257017304,4.02514907906169,25
196.144,-4.49997747133849,4.02495813271069,25
197.139999999999,-4.50002257017304,4.02476718635969,25
198.139999999999,-4.50004059382698,4.02457624000869,25
199.139999999999,-4.50001355834606,4.02438529365769,25
200.138999999999,-4.4999503961579,4.02419434730669,25
201.139999999999,-4.50010371631547,4.02381245460469,25
202.138999999999,-4.49999549499244,4.02362150825369,25
203.138999999999,-4.49997747133849,4.02343056190269,25
204.138999999999,-4.50001351864639,4.02323961555169,25
205.139999999999,-4.5000676293079,4.0230486692007,25
206.138999999999,-4.49991434885001,4.0228577228497,25
207.138999999999,-4.50011272814244,4.0226667764987,25
208.138999999999,-4.49999549499244,4.0224758301477,25
209.162,-4.49995043585758,4.0222848837967,25
210.156999999999,-4.49997747133849,4.0220939374457,25
211.177,-4.50004059382698,4.0219029910947,25
212.172000000002,-4.49997747133849,4.0217120447437,25
213.191999999999,-4.50005861748093,4.0215210983927,25
214.188000000002,-4.50000450681941,4.0213301520417,25
215.187000000002,-4.50007668083455,4.0211392056907,25
216.187000000002,-4.50002257017304,4.0207573129887,25
217.208000000002,-4.49989632519606,4.02056636663771,25
218.204000000002,-4.50000450681941,4.02037542028671,25
219.224000000002,-4.49991434885001,4.02018447393571,25
220.219000000001,-4.49997747133849,4.01999352758471,25
221.219000000001,-4.50001351864639,4.01980258123371,25
222.219000000001,-4.50004960565395,4.01961163488271,25
223.219000000001,-4.50004059382698,4.01961163488271,25
224.219000000001,-4.50002257017304,4.01922974218071,25
225.219000000001,-4.50000450681941,4.01922974218071,25
226.219000000001,-4.50000450681941,4.01903879582971,25
227.219000000001,-4.49997747133849,4.01884784947871,25
228.219000000001,-4.49998648316547,4.01865690312771,25
229.219000000001,-4.4999414240306,4.01846595677672,25
230.219000000001,-4.50001351864639,4.01827501042572,25
231.220000000001,-4.49996845951152,4.01808406407472,25
232.219000000001,-4.50003158200001,4.01808406407472,25
233.219000000001,-4.50002257017304,4.01770217137272,25
234.219000000001,-4.49998648316547,4.01751122502172,25
235.219000000001,-4.49999549499244,4.01732027867072,25
236.219000000001,-4.49995944768455,4.01712933231972,25
237.219000000001,-4.50003158200001,4.01693838596872,25
238.220000000001,-4.50004059382698,4.01693838596872,25
239.219000000001,-4.49995944768455,4.01655649326672,25
240.219000000001,-4.50008569266152,4.01655649326672,25
241.220000000001,-4.49997747133849,4.01617460056473,25
242.219000000001,-4.50001351864639,4.01617460056473,25
243.219000000001,-4.50003158200001,4.01598365421373,25
244.220000000001,-4.49998648316547,4.01598365421373,25
245.220000000001,-4.50000450681941,4.01560176151173,25
246.220000000001,-4.50003158200001,4.01560176151173,25
247.220000000001,-4.49999549499244,4.01541081516073,25
248.219000000001,-4.49999549499244,4.01521986880973,25
249.219000000001,-4.50004059382698,4.01502892245873,25
250.220000000001,-4.49995944768455,4.01502892245873,25
251.219000000001,-4.50003158200001,4.01464702975673,25
252.219000000001,-4.50004059382698,4.01445608340573,25
253.220000000001,-4.50004059382698,4.01426513705473,25
254.219000000001,-4.4999414240306,4.01407419070374,25
255.220000000001,-4.50005861748093,4.01388324435274,25
256.220000000001,-4.49995944768455,4.01388324435274,25
257.220000000001,-4.49992336067698,4.01350135165074,25
258.219000000001,-4.50001351864639,4.01331040529974,25
259.220000000001,-4.49998648316547,4.01311945894874,25
260.220000000001,-4.50003158200001,4.01311945894874,25
261.220000000001,-4.49999549499244,4.01311945894874,25
262.220000000001,-4.49998648316547,4.01292851259774,25
263.220000000001,-4.50004960565395,4.01273756624674,25
264.220000000001,-4.50004059382698,4.01254661989574,25
265.220000000001,-4.49995043585758,4.01235567354474,25
266.220000000001,-4.50002257017304,4.01235567354474,25
267.220000000001,-4.49995944768455,4.01216472719374,25
268.220000000001,-4.49991434885001,4.01197378084275,25
269.220000000001,-4.49997747133849,4.01178283449175,25
270.220000000001,-4.49995944768455,4.01159188814075,25
271.220000000001,-4.50003158200001,4.01140094178975,25
272.219000000001,-4.50000450681941,4.01120999543875,25
273.220000000001,-4.50004059382698,4.01120999543875,25
274.220000000001,-4.50000450681941,4.01082810273675,25
275.220000000001,-4.49997747133849,4.01063715638575,25
276.220000000001,-4.50013976362336,4.01063715638575,25
277.220000000001,-4.50001355834606,4.01044621003475,25
278.220000000001,-4.50001355834606,4.01025526368375,25
279.220000000001,-4.49997747133849,4.01006431733275,25
280.220000000001,-4.49996845951152,4.01006431733275,25
281.220000000001,-4.50002257017304,4.01006431733275,25
282.219000000001,-4.50001351864639,4.00968242463076,25
283.220000000001,-4.49998648316547,4.00968242463076,25
284.219000000001,-4.50001355834606,4.00949147827976,25
285.220000000001,-4.49998648316547,4.00930053192876,25
286.220000000001,-4.49997747133849,4.00910958557776,25
287.219000000001,-4.49997747133849,4.00891863922676,25
288.219000000001,-4.49998648316547,4.00891863922676,25
289.220000000001,-4.49995043585758,4.00853674652476,25
290.220000000001,-4.5000676293079,4.00853674652476,25
291.220000000001,-4.49999549499244,4.00815485382276,25
292.220000000001,-4.50000450681941,4.00815485382276,25
293.220000000001,-4.50002257017304,4.00796390747176,25
294.220000000001,-4.49997747133849,4.00796390747176,25
295.220000000001,-4.49997747133849,4.00758201476977,25
296.220000000001,-4.49999549499244,4.00739106841877,25
297.219000000001,-4.50007664113487,4.00739106841877,25
298.220000000001,-4.49999549499244,4.00720012206777,25
299.220000000001,-4.50000450681941,4.00700917571677,25
300.219000000001,-4.49998648316547,4.00700917571677,25
301.220000000001,-4.5000676293079,4.00700917571677,25
302.220000000001,-4.49998648316547,4.00681822936577,25
303.219000000001,-4.50000450681941,4.00662728301477,25
304.220000000001,-4.4999414240306,4.00643633666377,25
305.220000000001,-4.50004059382698,4.00624539031277,25
306.220000000001,-4.49999549499244,4.00624539031277,25
307.220000000001,-4.50004059382698,4.00586349761077,25
308.220000000001,-4.49996845951152,4.00586349761077,25
309.220000000001,-4.49998648316547,4.00567255125977,25
310.220000000001,-4.4999503961579,4.00548160490878,25
311.220000000001,-4.49995944768455,4.00529065855778,25
312.220000000001,-4.49998648316547,4.00509971220678,25
313.220000000001,-4.50000450681941,4.00509971220678,25
314.220000000001,-4.50001351864639,4.00490876585578,25
315.220000000001,-4.49995944768455,4.00471781950478,25
316.220000000001,-4.49998648316547,4.00452687315378,25
317.220000000001,-4.49999549499244,4.00452687315378,25
318.220000000001,-4.49993237250395,4.00414498045178,25
319.220000000001,-4.50001355834606,4.00414498045178,25
320.220000000001,-4.49999549499244,4.00395403410078,25
321.220000000001,-4.49995944768455,4.00395403410078,25
322.220000000001,-4.50007664113487,4.00376308774978,25
323.220000000001,-4.50003158200001,4.00357214139878,25
324.220000000001,-4.49996845951152,4.00357214139878,25
325.220000000001,-4.50004960565395,4.00319024869678,25
326.220000000001,-4.49999549499244,4.00319024869678,25
327.220000000001,-4.50001351864639,4.00299930234579,25
328.220000000001,-4.49993237250395,4.00280835599479,25
329.220000000001,-4.50004059382698,4.00280835599479,25
330.220000000001,-4.50002257017304,4.00242646329279,25
331.220000000001,-4.49995944768455,4.00242646329279,25
332.220000000001,-4.50000450681941,4.00204457059079,25
333.220000000001,-4.49997747133849,4.00204457059079,25
334.220000000001,-4.49996845951152,4.00185362423979,25
335.220000000001,-4.49999549499244,4.00166267788879,25
336.219000000001,-4.50002257017304,4.00166267788879,25
337.220000000001,-4.50000450681941,4.00147173153779,25
338.220000000001,-4.50003158200001,4.00128078518679,25
339.219000000001,-4.50004059382698,4.00108983883579,25
340.220000000001,-4.50002257017304,4.00108983883579,25
341.220000000001,-4.50005861748093,4.0008988924848,25
342.220000000001,-4.49997747133849,4.0007079461338,25
343.220000000001,-4.50005861748093,4.0007079461338,25
344.220000000001,-4.50001351864639,4.0005169997828,25
345.220000000001,-4.49999549499244,4.0003260534318,25
346.220000000001,-4.49994138433093,4.0001351070808,25
347.220000000001,-4.49999549499244,3.9999441607298,25
348.220000000001,-4.49999549499244,3.9999441607298,25
349.220000000001,-4.50002257017304,3.9997532143788,25
350.220000000001,-4.49992336067698,3.9993713216768,25
351.220000000001,-4.50000450681941,3.9993713216768,25
352.220000000001,-4.50004059382698,3.9991803753258,25
353.220000000001,-4.49999549499244,3.9989894289748,25
354.220000000001,-4.50000450681941,3.9989894289748,25
355.220000000001,-4.50000450681941,3.99879848262381,25
356.220000000001,-4.50004059382698,3.99860753627281,25
357.220000000001,-4.50002257017304,3.99841658992181,25
358.220000000001,-4.50000450681941,3.99822564357081,25
359.220000000001,-4.49997747133849,3.99822564357081,25
360.220000000001,-4.49996845951152,3.99784375086881,25
361.220000000001,-4.49999549499244,3.99784375086881,25
362.220000000001,-4.50004059382698,3.99784375086881,25
363.220000000001,-4.49998648316547,3.99765280451781,25
364.220000000001,-4.49998648316547,3.99746185816681,25
365.220000000001,-4.49995944768455,3.99727091181581,25
366.220000000001,-4.50002257017304,3.99707996546481,25
367.220000000001,-4.49998648316547,3.99688901911381,25
368.220000000001,-4.49995043585758,3.99669807276281,25
369.220000000001,-4.49998648316547,3.99669807276281,25
370.220000000001,-4.50001351864639,3.99650712641182,25
371.220000000001,-4.49995944768455,3.99631618006082,25
372.220000000001,-4.50004960565395,3.99612523370982,25
373.220000000001,-4.49996845951152,3.99593428735882,25
374.220000000001,-4.50001355834606,3.99574334100782,25
375.220000000001,-4.49999549499244,3.99574334100782,25
376.220000000001,-4.50004059382698,3.99536144830582,25
377.220000000001,-4.49998648316547,3.99536144830582,25
378.220000000001,-4.50000450681941,3.99517050195482,25
379.220000000001,-4.50000450681941,3.99497955560382,25
380.220000000001,-4.50001351864639,3.99478860925282,25
381.220000000001,-4.50004960565395,3.99478860925282,25
382.220000000001,-4.50002257017304,3.99459766290182,25
383.220000000001,-4.49997747133849,3.99459766290182,25
384.220000000001,-4.50004960565395,3.99440671655083,25
385.220000000001,-4.49999549499244,3.99421577019983,25
386.220000000001,-4.50000450681941,3.99402482384883,25
387.220000000001,-4.49997747133849,3.99402482384883,25
388.220000000001,-4.50001355834606,3.99364293114683,25
389.220000000001,-4.50001351864639,3.99364293114683,25
390.220000000001,-4.50001351864639,3.99345198479583,25
391.220000000001,-4.49996845951152,3.99326103844483,25
392.220000000001,-4.49998648316547,3.99307009209383,25
393.220000000001,-4.49996845951152,3.99287914574283,25
394.220000000001,-4.50003158200001,3.99287914574283,25
395.220000000001,-4.50003158200001,3.99249725304083,25
396.220000000001,-4.49999549499244,3.99249725304083,25
397.220000000001,-4.5000947044885,3.99230630668983,25
398.220000000001,-4.4999414240306,3.99211536033884,25
399.220000000001,-4.50004960565395,3.99211536033884,25
400.220000000001,-4.50005861748093,3.99192441398784,25
401.220000000001,-4.49996845951152,3.99173346763684,25
402.220000000001,-4.49997747133849,3.99173346763684,25
403.220000000001,-4.49998648316547,3.99154252128584,25
404.220000000001,-4.50003158200001,3.99135157493484,25
405.220000000001,-4.50003158200001,3.99116062858384,25
406.220000000001,-4.49995944768455,3.99096968223284,25
407.220000000001,-4.50000450681941,3.99077873588184,25
408.220000000001,-4.49996845951152,3.99077873588184,25
409.220000000001,-4.49998648316547,3.99058778953084,25
410.220000000001,-4.50000450681941,3.99039684317984,25
411.220000000001,-4.49995944768455,3.99020589682884,25
412.220000000001,-4.49997747133849,3.99001495047785,25
413.220000000001,-4.4999503961579,3.98963305777585,25
414.220000000001,-4.50002257017304,3.98982400412685,25
415.220000000001,-4.50000450681941,3.98944211142485,25
416.220000000001,-4.49999549499244,3.98925116507385,25
417.220000000001,-4.49998648316547,3.98925116507385,25
418.220000000001,-4.50001351864639,3.98906021872285,25
419.220000000001,-4.49989632519606,3.98867832602085,25
420.220000000001,-4.50004960565395,3.98867832602085,25
421.220000000001,-4.49996845951152,3.98867832602085,25
422.220000000001,-4.49998648316547,3.98848737966985,25
423.220000000001,-4.50004059382698,3.98829643331885,25
424.220000000001,-4.50005861748093,3.98810548696785,25
425.220000000001,-4.50004059382698,3.98791454061685,25
426.220000000001,-4.50002257017304,3.98791454061685,25
427.220000000001,-4.50001351864639,3.98772359426586,25
428.220000000001,-4.5000676293079,3.98753264791486,25
429.220000000001,-4.49997747133849,3.98734170156386,25
430.220000000001,-4.49997747133849,3.98715075521286,25
431.220000000001,-4.49995944768455,3.98676886251086,25
432.220000000001,-4.50004059382698,3.98676886251086,25
433.220000000001,-4.50000450681941,3.98657791615986,25
434.220000000001,-4.50004059382698,3.98638696980886,25
435.220000000001,-4.50005861748093,3.98638696980886,25
436.220000000001,-4.50000450681941,3.98600507710686,25
437.220000000001,-4.50007664113487,3.98600507710686,25
438.219000000001,-4.50000450681941,3.98581413075586,25
439.220000000001,-4.50001355834606,3.98562318440487,25
440.220000000001,-4.49996845951152,3.98543223805387,25
441.220000000001,-4.50001351864639,3.98543223805387,25
442.220000000001,-4.49999549499244,3.98524129170287,25
443.241000000002,-4.50004960565395,3.98505034535187,25
444.236000000001,-4.49995944768455,3.98485939900087,25
445.256000000001,-4.50002257017304,3.98466845264987,25
446.251,-4.50001351864639,3.98447750629887,25
447.251,-4.50001351864639,3.98447750629887,25
448.251,-4.49995043585758,3.98409561359687,25
449.251,-4.50004960565395,3.98409561359687,25
450.251,-4.49996845951152,3.98371372089487,25
451.251,-4.49999549499244,3.98371372089487,25
452.251,-4.49995944768455,3.98333182819288,25
453.251,-4.50001351864639,3.98314088184188,25
454.251,-4.49998648316547,3.98294993549088,25
455.251,-4.49995043585758,3.98294993549088,25
456.251,-4.50001351864639,3.98275898913988,25
457.251,-4.50000450681941,3.98256804278888,25
458.251,-4.50000450681941,3.98256804278888,25
459.251,-4.49999549499244,3.98218615008688,25
460.251,-4.50002257017304,3.98218615008688,25
461.251,-4.50004059382698,3.98199520373588,25
462.251,-4.50001351864639,3.98180425738488,25
463.251,-4.50002257017304,3.98161331103388,25
464.251,-4.49998648316547,3.98142236468288,25
465.251,-4.50000450681941,3.98123141833188,25
466.251,-4.49998648316547,3.98084952562989,25
467.251,-4.49995043585758,3.98084952562989,25
468.251,-4.49996845951152,3.98065857927889,25
469.251,-4.49997747133849,3.98027668657689,25
470.251,-4.49997747133849,3.98027668657689,25
471.251,-4.50001351864639,3.98008574022589,25
472.251,-4.49996845951152,3.97989479387489,25
473.251,-4.49999549499244,3.97970384752389,25
474.251,-4.50003158200001,3.97951290117289,25
475.251,-4.50003158200001,3.97951290117289,25
476.251,-4.50003158200001,3.97932195482189,25
477.251,-4.49999549499244,3.97913100847089,25
478.251,-4.50000450681941,3.9789400621199,25
479.251,-4.49995944768455,3.9787491157689,25
480.251,-4.50001351864639,3.9785581694179,25
481.251,-4.49995944768455,3.9783672230669,25
482.251,-4.49991434885001,3.9781762767159,25
483.251,-4.50003158200001,3.9779853303649,25
484.251,-4.49993237250395,3.9776034376629,25
485.251,-4.49996845951152,3.9774124913119,25
486.251,-4.49997747133849,3.9772215449609,25
487.251,-4.50004059382698,3.9770305986099,25
488.251,-4.50011272814244,3.9770305986099,25
489.251,-4.50002257017304,3.97683965225891,25
490.251,-4.50005861748093,3.97645775955691,25
491.251,-4.50003158200001,3.97645775955691,25
492.251,-4.49996845951152,3.97626681320591,25
493.251,-4.49996845951152,3.97607586685491,25
494.251,-4.50002257017304,3.97607586685491,25
495.251,-4.50000450681941,3.97569397415291,25
496.251,-4.49998648316547,3.97531208145091,25
497.251,-4.49999549499244,3.97531208145091,25
498.251,-4.49999549499244,3.97512113509991,25
499.251,-4.50002257017304,3.97473924239791,25
500.251,-4.49993237250395,3.97473924239791,25
501.251,-4.49996845951152,3.97435734969592,25
502.251,-4.49998648316547,3.97416640334492,25
503.251,-4.50005861748093,3.97416640334492,25
504.251,-4.50004960565395,3.97378451064292,25
505.251,-4.50001355834606,3.97359356429192,25
506.251,-4.49998648316547,3.97340261794092,25
507.251,-4.50002257017304,3.97340261794092,25
508.251,-4.4999503961579,3.97302072523892,25
509.251,-4.50004059382698,3.97282977888792,25
510.251,-4.50004059382698,3.97263883253692,25
511.251,-4.49998648316547,3.97244788618592,25
512.251,-4.49996845951152,3.97225693983493,25
513.251,-4.50000450681941,3.97206599348393,25
514.251,-4.50002257017304,3.97187504713293,25
515.251,-4.49997747133849,3.97149315443093,25
516.251,-4.50003158200001,3.97130220807993,25
517.251,-4.50005861748093,3.97111126172893,25
518.251,-4.50001355834606,3.97092031537793,25
519.251,-4.49993237250395,3.97072936902693,25
520.251,-4.49995944768455,3.97053842267593,25
521.251,-4.4999414240306,3.97034747632493,25
522.251,-4.49998648316547,3.96996558362294,25
523.251,-4.50003158200001,3.96996558362294,25
524.251,-4.50001351864639,3.96977463727194,25
525.251,-4.50000450681941,3.96939274456994,25
526.251,-4.50004059382698,3.96920179821894,25
527.251,-4.50003158200001,3.96901085186794,25
528.251,-4.50001351864639,3.96881990551694,25
529.251,-4.50000450681941,3.96862895916594,25
530.251,-4.49999549499244,3.96843801281494,25
531.251,-4.49998648316547,3.96805612011295,25
532.262999999999,-4.50005861748093,3.96786517376195,25
533.258000000002,-4.49994138433093,3.96767422741095,25
534.259000000002,-4.50000450681941,3.96729233470895,25
535.268,-4.49997747133849,3.96729233470895,25
536.248,-4.49999549499244,3.96710138835795,25
537.246999999999,-4.49996845951152,3.96691044200695,25
538.246999999999,-4.49999549499244,3.96652854930495,25
539.246999999999,-4.49997747133849,3.96633760295395,25
540.245999999999,-4.50002257017304,3.96614665660295,25
541.246999999999,-4.50000450681941,3.96595571025195,25
542.246999999999,-4.50000450681941,3.96557381754996,25
543.246999999999,-4.50001355834606,3.96538287119896,25
544.246999999999,-4.49991434885001,3.96500097849696,25
545.246999999999,-4.49995944768455,3.96481003214596,25
546.246999999999,-4.50000450681941,3.96461908579496,25
547.246999999999,-4.50001355834606,3.96442813944396,25
548.246999999999,-4.49995944768455,3.96423719309296,25
549.246999999999,-4.50002257017304,3.96385530039096,25
550.246999999999,-4.49999549499244,3.96385530039096,25
551.255000000001,-4.50003158200001,3.96347340768897,25
552.255000000001,-4.50002257017304,3.96328246133797,25
553.257000000001,-4.5000676293079,3.96309151498697,25
554.260000000002,-4.50001351864639,3.96290056863597,25
555.262999999999,-4.50002257017304,3.96251867593397,25
556.266,-4.49998648316547,3.96232772958297,25
557.267,-4.49996845951152,3.96213678323197,25
558.269,-4.50004059382698,3.96175489052997,25
559.272000000001,-4.50000450681941,3.96156394417897,25
560.275000000001,-4.50003158200001,3.96118205147698,25
561.279000000002,-4.50004059382698,3.96118205147698,25
562.279999999999,-4.50004059382698,3.96080015877498,25
563.280999999999,-4.50007664113487,3.96060921242398,25
564.276000000002,-4.5000676293079,3.96041826607298,25
565.276000000002,-4.50002257017304,3.96003637337098,25
566.275000000001,-4.50001351864639,3.95984542701998,25
567.276000000002,-4.49995944768455,3.95965448066898,25
568.276000000002,-4.49998648316547,3.95927258796698,25
569.276000000002,-4.49995944768455,3.95908164161599,25
570.276000000002,-4.49993237250395,3.95889069526499,25
571.276000000002,-4.50005861748093,3.95850880256299,25
572.302,-4.50000450681941,3.95812690986099,25
573.297000000002,-4.5000676293079,3.95812690986099,25
574.297000000002,-4.49997747133849,3.95793596350999,25
575.297000000002,-4.49991434885001,3.95755407080799,25
576.297000000002,-4.49998648316547,3.95736312445699,25
577.317999999999,-4.49994138433093,3.956981231755,25
578.313000000002,-4.50004059382698,3.956790285404,25
579.333000000002,-4.49999549499244,3.956599339053,25
580.328000000001,-4.49999549499244,3.956217446351,25
581.329000000002,-4.49995944768455,3.9560265,25
582.329000000002,-4.49997747133849,3.955835553649,25
583.329000000002,-4.50000450681941,3.955453660947,25
584.328000000001,-4.50003158200001,3.955262714596,25
585.329000000002,-4.49997747133849,3.95488082189401,25
586.328000000001,-4.50005861748093,3.95468987554301,25
587.328000000001,-4.49997747133849,3.95449892919201,25
588.329000000002,-4.49991434885001,3.95411703649001,25
589.329000000002,-4.49999549499244,3.95392609013901,25
590.329000000002,-4.50008569266152,3.95373514378801,25
591.329000000002,-4.50004059382698,3.95335325108601,25
592.329000000002,-4.50004059382698,3.95297135838401,25
593.329000000002,-4.49995944768455,3.95278041203301,25
594.330000000002,-4.50004960565395,3.95239851933102,25
595.329000000002,-4.49996845951152,3.95220757298002,25
596.329000000002,-4.50002257017304,3.95201662662902,25
597.329000000002,-4.49999549499244,3.95182568027802,25
598.329000000002,-4.50004059382698,3.95163473392702,25
599.329000000002,-4.50002257017304,3.95125284122502,25
600.329000000002,-4.49996845951152,3.95106189487402,25
601.328000000001,-4.50005861748093,3.95087094852302,25
602.329000000002,-4.5000676293079,3.95029810947003,25
603.329000000002,-4.50004059382698,3.95010716311903,25
604.329000000002,-4.49997747133849,3.94972527041703,25
605.329000000002,-4.50000450681941,3.94953432406603,25
606.329000000002,-4.50003158200001,3.94915243136403,25
607.316999999999,-4.50007664113487,3.94896148501303,25
608.329000000002,-4.49998648316547,3.94877053866203,25
609.329000000002,-4.50003158200001,3.94838864596003,25
610.330000000002,-4.50004960565395,3.94819769960904,25
611.330000000002,-4.49997747133849,3.94781580690704,25
612.332000000002,-4.49999549499244,3.94762486055604,25
613.334999999999,-4.49994138433093,3.94705202150304,25
614.339,-4.50004960565395,3.94705202150304,25
615.34,-4.49996845951152,3.94667012880104,25
616.341,-4.50000450681941,3.94628823609904,25
617.343000000001,-4.49998648316547,3.94609728974805,25
618.337,-4.49991434885001,3.94590634339705,25
619.337,-4.4999503961579,3.94571539704605,25
620.337,-4.49995043585758,3.94514255799305,25
621.338,-4.50000450681941,3.94495161164205,25
622.337,-4.50004960565395,3.94476066529105,25
623.337,-4.49999549499244,3.94437877258905,25
624.337,-4.49998648316547,3.94399687988705,25
625.337,-4.50001355834606,3.94380593353606,25
626.337,-4.49992336067698,3.94342404083406,25
627.337,-4.50002257017304,3.94323309448306,25
628.337,-4.49995043585758,3.94285120178106,25
629.337,-4.50000450681941,3.94266025543006,25
630.338,-4.49999549499244,3.94246930907906,25
631.337,-4.50002257017304,3.94208741637706,25
632.338,-4.49995944768455,3.94170552367506,25
633.338,-4.50002257017304,3.94151457732407,25
634.337,-4.50001351864639,3.94113268462207,25
635.337,-4.50003158200001,3.94075079192007,25
636.337,-4.49995043585758,3.94036889921807,25
637.337,-4.50001351864639,3.94017795286707,25
638.337,-4.49995043585758,3.93979606016507,25
639.337,-4.49996845951152,3.93979606016507,25
640.337,-4.49998648316547,3.93941416746308,25
641.337,-4.49995944768455,3.93903227476108,25
642.348000000002,-4.50001351864639,3.93865038205908,25
643.364000000001,-4.49998648316547,3.93845943570808,25
644.365000000002,-4.5000676293079,3.93807754300608,25
645.380000000001,-4.49995944768455,3.93769565030408,25
646.345000000001,-4.50000450681941,3.93731375760209,25
647.344000000001,-4.49989632519606,3.93712281125109,25
648.355,-4.50004960565395,3.93693186490009,25
649.350000000002,-4.50000450681941,3.93654997219809,25
650.350000000002,-4.50004059382698,3.93635902584709,25
651.350000000002,-4.49998648316547,3.93597713314509,25
652.351000000002,-4.50002257017304,3.93559524044309,25
653.351000000002,-4.50004960565395,3.93540429409209,25
654.351000000002,-4.50005861748093,3.9350224013901,25
655.350000000002,-4.49995043585758,3.9346405086881,25
656.351000000002,-4.50004960565395,3.9342586159861,25
657.351000000002,-4.50001351864639,3.9340676696351,25
658.351999999999,-4.49996845951152,3.9336857769331,25
659.351000000002,-4.49995944768455,3.9334948305821,25
660.351000000002,-4.49999549499244,3.9331129378801,25
661.352999999999,-4.49995944768455,3.9329219915291,25
662.357,-4.49995944768455,3.93254009882711,25
663.360000000001,-4.50007664113487,3.93215820612511,25
664.362000000001,-4.49990533702304,3.93177631342311,25
665.365000000002,-4.50001351864639,3.93139442072111,25
666.368999999999,-4.50000450681941,3.93120347437011,25
667.370999999999,-4.50001355834606,3.93101252801911,25
668.371999999999,-4.50003158200001,3.93063063531712,25
669.373,-4.49999549499244,3.93043968896612,25
670.374,-4.49998648316547,3.93005779626412,25
671.385000000002,-4.50004059382698,3.92986684991312,25
672.381000000001,-4.49996845951152,3.92948495721112,25
673.380000000001,-4.49998648316547,3.92910306450912,25
674.380000000001,-4.49997747133849,3.92872117180712,25
675.381000000001,-4.49998648316547,3.92833927910513,25
676.380000000001,-4.49999549499244,3.92795738640313,25
677.381000000001,-4.49999549499244,3.92776644005213,25
678.381000000001,-4.50002257017304,3.92738454735013,25
679.380000000001,-4.49999549499244,3.92719360099913,25
680.381000000001,-4.50000454651909,3.92681170829713,25
681.381000000001,-4.50004059382698,3.92662076194613,25
682.380000000001,-4.50004960565395,3.92623886924414,25
683.380000000001,-4.49999549499244,3.92566603019114,25
684.380000000001,-4.50003158200001,3.92547508384014,25
685.380000000001,-4.50001351864639,3.92509319113814,25
686.380000000001,-4.49998648316547,3.92490224478714,25
687.380000000001,-4.49995944768455,3.92452035208514,25
688.380000000001,-4.49999549499244,3.92413845938314,25
689.380000000001,-4.49996845951152,3.92394751303215,25
690.380000000001,-4.49999549499244,3.92356562033015,25
691.380000000001,-4.49997747133849,3.92337467397915,25
692.380000000001,-4.50001355834606,3.92280183492615,25
693.380000000001,-4.50003158200001,3.92241994222415,25
694.380000000001,-4.49998648316547,3.92222899587315,25
695.380000000001,-4.50004059382698,3.92184710317116,25
696.380000000001,-4.50000454651909,3.92146521046916,25
697.380000000001,-4.49999549499244,3.92127426411816,25
698.380000000001,-4.49995043585758,3.92089237141616,25
699.380000000001,-4.50000450681941,3.92070142506516,25
700.380000000001,-4.50003158200001,3.92031953236316,25
701.380000000001,-4.49995944768455,3.91993763966116,25
702.381000000001,-4.49997747133849,3.91955574695917,25
703.380000000001,-4.50011272814244,3.91917385425717,25
704.380000000001,-4.5000947044885,3.91898290790617,25
705.380000000001,-4.50002257017304,3.91860101520417,25
706.380000000001,-4.50013075179639,3.91841006885317,25
707.381000000001,-4.49998648316547,3.91783722980017,25
708.380000000001,-4.49991434885001,3.91764628344917,25
709.381000000001,-4.50002257017304,3.91726439074718,25
710.381000000001,-4.49997747133849,3.91688249804518,25
711.380000000001,-4.49999549499244,3.91650060534318,25
712.381000000001,-4.50000450681941,3.91611871264118,25
713.381000000001,-4.50010371631547,3.91573681993918,25
714.381000000001,-4.49997747133849,3.91535492723719,25
715.380000000001,-4.50001351864639,3.91535492723719,25
716.381000000001,-4.50004059382698,3.91497303453519,25
717.380000000001,-4.49997747133849,3.91440019548219,25
718.380000000001,-4.50001355834606,3.91420924913119,25
719.381000000001,-4.50000450681941,3.91382735642919,25
720.381000000001,-4.49996845951152,3.91344546372719,25
721.381000000001,-4.49991434885001,3.9130635710252,25
722.380000000001,-4.50002257017304,3.9126816783232,25
723.381000000001,-4.50003158200001,3.9124907319722,25
724.381000000001,-4.49998648316547,3.9121088392702,25
725.381000000001,-4.49997747133849,3.9119178929192,25
726.368999999999,-4.50005861748093,3.9115360002172,25
727.369999999999,-4.50002257017304,3.9111541075152,25
728.369999999999,-4.49997747133849,3.91077221481321,25
729.369999999999,-4.49999549499244,3.91039032211121,25
730.369999999999,-4.50003158200001,3.91019937576021,25
731.368999999999,-4.50001351864639,3.90981748305821,25
732.369999999999,-4.50004059382698,3.90943559035621,25
733.369999999999,-4.49990533702304,3.90905369765421,25
734.368999999999,-4.49995944768455,3.90886275130321,25
735.369999999999,-4.49998648316547,3.90867180495222,25
736.369999999999,-4.49997747133849,3.90828991225022,25
737.369999999999,-4.49996845951152,3.90790801954822,25
738.368999999999,-4.49998648316547,3.90733518049522,25
739.369999999999,-4.50004059382698,3.90714423414422,25
740.380000000001,-4.50000450681941,3.90676234144222,25
741.380000000001,-4.49999549499244,3.90638044874023,25
742.401000000002,-4.49998648316547,3.90618950238923,25
743.396000000001,-4.49996845951152,3.90580760968723,25
744.416000000001,-4.49999549499244,3.90542571698523,25
745.411,-4.49997747133849,3.90504382428323,25
746.411,-4.49999549499244,3.90466193158123,25
747.424999999999,-4.49997747133849,3.90428003887924,25
748.424999999999,-4.50005861748093,3.90389814617724,25
749.440999999999,-4.49999549499244,3.90351625347524,25
750.441999999999,-4.50005861748093,3.90313436077324,25
751.404999999999,-4.49999549499244,3.90313436077324,25
752.404999999999,-4.49995043585758,3.90275246807124,25
753.404999999999,-4.49998648316547,3.90237057536924,25
754.404999999999,-4.50001351864639,3.90198868266725,25
755.404999999999,-4.50003158200001,3.90160678996525,25
756.404999999999,-4.49997747133849,3.90122489726325,25
757.404999999999,-4.49999549499244,3.90084300456125,25
758.429,-4.49999549499244,3.90046111185925,25
759.424999999999,-4.49999549499244,3.90027016550825,25
760.438000000002,-4.49996845951152,3.89988827280626,25
761.440000000002,-4.50001355834606,3.89969732645526,25
762.440000000002,-4.49996845951152,3.89912448740226,25
763.441999999999,-4.49997747133849,3.89893354105126,25
764.442999999999,-4.50004059382698,3.89855164834926,25
765.422999999999,-4.49993237250395,3.89797880929626,25
766.422999999999,-4.50013976362336,3.89778786294526,25
767.433000000001,-4.49997747133849,3.89740597024327,25
768.454000000002,-4.49996845951152,3.89702407754127,25
769.439000000002,-4.49997747133849,3.89683313119027,25
770.438000000002,-4.50005861748093,3.89645123848827,25
771.438000000002,-4.5000947044885,3.89626029213727,25
772.438000000002,-4.50000450681941,3.89587839943527,25
773.438000000002,-4.49995944768455,3.89511461403128,25
774.448,-4.49999549499244,3.89492366768028,25
775.450000000001,-4.49994138433093,3.89454177497828,25
776.452000000001,-4.50000450681941,3.89435082862728,25
777.452000000001,-4.49998648316547,3.89396893592528,25
778.453000000001,-4.49996845951152,3.89358704322328,25
779.468000000001,-4.49998648316547,3.89339609687228,25
780.484,-4.49999549499244,3.89301420417029,25
781.485000000001,-4.49998648316547,3.89263231146829,25
782.448,-4.49997747133849,3.89225041876629,25
783.448,-4.50008569266152,3.89186852606429,25
784.449000000001,-4.50002257017304,3.89148663336229,25
785.452000000001,-4.50000450681941,3.89129568701129,25
786.474000000002,-4.49997747133849,3.8909137943093,25
787.493999999999,-4.49999549499244,3.8905319016073,25
788.489000000001,-4.49999549499244,3.8903409552563,25
789.489000000001,-4.50005861748093,3.8899590625543,25
790.511000000002,-4.5000676293079,3.8895771698523,25
791.506000000001,-4.50007668083455,3.8891952771503,25
792.506000000001,-4.50002257017304,3.88881338444831,25
793.506000000001,-4.50003158200001,3.88843149174631,25
794.506000000001,-4.49999549499244,3.88804959904431,25
795.52,-4.49999549499244,3.88785865269331,25
796.52,-4.50001351864639,3.88747675999131,25
797.523000000001,-4.50001351864639,3.88709486728931,25
798.512999999999,-4.49997747133849,3.88690392093831,25
799.534,-4.49998648316547,3.88652202823632,25
800.518,-4.50001351864639,3.88594918918332,25
801.518,-4.49999549499244,3.88575824283232,25
802.519,-4.49995043585758,3.88537635013032,25
803.518,-4.50003158200001,3.88499445742832,25
804.518,-4.49995043585758,3.88461256472632,25
805.519,-4.49995944768455,3.88442161837533,25
806.518,-4.50000450681941,3.88403972567333,25
807.523000000001,-4.50005861748093,3.88365783297133,25
808.529000000002,-4.49995043585758,3.88346688662033,25
809.549999999999,-4.49998648316547,3.88289404756733,25
810.534,-4.50003158200001,3.88270310121633,25
811.532999999999,-4.50002257017304,3.88232120851434,25
812.532999999999,-4.50000450681941,3.88193931581234,25
813.532999999999,-4.49997747133849,3.88174836946134,25
814.534,-4.49995944768455,3.88136647675934,25
815.534,-4.50000450681941,3.88098458405734,25
816.534,-4.50005861748093,3.88079363770634,25
817.534,-4.50003158200001,3.88041174500434,25
818.538,-4.49998648316547,3.87983890595135,25
819.532999999999,-4.50004960565395,3.87964795960035,25
820.534,-4.50005861748093,3.87926606689835,25
821.556,-4.49998648316547,3.87907512054735,25
822.550999999999,-4.50002257017304,3.87869322784535,25
823.550999999999,-4.50000450681941,3.87831133514335,25
824.550999999999,-4.49995043585758,3.87812038879235,25
825.552,-4.50003158200001,3.87754754973936,25
826.550999999999,-4.49995944768455,3.87735660338836,25
827.550999999999,-4.50003158200001,3.87697471068636,25
828.550999999999,-4.49996845951152,3.87659281798436,25
829.550999999999,-4.49999549499244,3.87621092528236,25
830.550999999999,-4.50004059382698,3.87582903258036,25
831.550999999999,-4.50001355834606,3.87563808622937,25
832.550999999999,-4.49996845951152,3.87525619352737,25
833.550999999999,-4.50001355834606,3.87506524717637,25
834.550999999999,-4.49996845951152,3.87468335447437,25
835.550999999999,-4.49995944768455,3.87430146177237,25
836.550999999999,-4.50001351864639,3.87391956907037,25
837.550999999999,-4.50000450681941,3.87353767636838,25
838.550999999999,-4.49998648316547,3.87315578366638,25
839.550999999999,-4.50002257017304,3.87296483731538,25
840.550999999999,-4.49998648316547,3.87258294461338,25
841.550999999999,-4.49998648316547,3.87239199826238,25
842.550999999999,-4.50004059382698,3.87220105191138,25
843.550999999999,-4.49999549499244,3.87162821285838,25
844.550999999999,-4.50000450681941,3.87124632015639,25
845.550999999999,-4.49999549499244,3.87105537380539,25
846.550999999999,-4.49999549499244,3.87048253475239,25
847.552,-4.49997747133849,3.87029158840139,25
848.550999999999,-4.50002257017304,3.86990969569939,25
849.550999999999,-4.50001351864639,3.86952780299739,25
850.550999999999,-4.49997747133849,3.86933685664639,25
851.564000000002,-4.49997747133849,3.8691459102954,25
852.565999999999,-4.49999549499244,3.8687640175934,25
853.569,-4.50005861748093,3.8683821248914,25
854.547999999999,-4.49995944768455,3.8680002321894,25
855.547999999999,-4.49995043585758,3.8676183394874,25
856.565999999999,-4.49997747133849,3.8674273931364,25
857.561000000002,-4.50004059382698,3.8670455004344,25
858.561000000002,-4.49993237250395,3.86666360773241,25
859.561000000002,-4.50004059382698,3.86647266138141,25
860.561000000002,-4.50001355834606,3.86609076867941,25
861.561000000002,-4.50002257017304,3.86589982232841,25
862.561000000002,-4.50010371631547,3.86551792962641,25
863.582000000002,-4.49995944768455,3.86513603692441,25
864.577000000001,-4.50005861748093,3.86494509057341,25
865.577000000001,-4.49999549499244,3.86456319787142,25
866.577000000001,-4.49992336067698,3.86418130516942,25
867.577000000001,-4.49996845951152,3.86379941246742,25
868.577000000001,-4.50003158200001,3.86360846611642,25
869.577000000001,-4.49995043585758,3.86322657341442,25
870.577000000001,-4.49998648316547,3.86303562706342,25
871.577000000001,-4.49997747133849,3.86284468071242,25
872.577000000001,-4.49999549499244,3.86246278801043,25
873.577000000001,-4.49999549499244,3.86208089530843,25
874.577000000001,-4.49998648316547,3.86150805625543,25
875.577000000001,-4.50002257017304,3.86131710990443,25
876.577000000001,-4.50002257017304,3.86093521720243,25
877.577000000001,-4.49997747133849,3.86074427085143,25
878.577000000001,-4.49997747133849,3.86036237814944,25
879.577000000001,-4.49996845951152,3.86017143179844,25
880.577000000001,-4.50003158200001,3.85998048544744,25
881.577000000001,-4.50000450681941,3.85959859274544,25
882.577000000001,-4.49994138433093,3.85921670004344,25
883.577000000001,-4.49994138433093,3.85883480734144,25
884.577000000001,-4.49999549499244,3.85845291463944,25
885.577000000001,-4.49995043585758,3.85826196828844,25
886.577000000001,-4.49999549499244,3.85788007558645,25
887.577000000001,-4.50004960565395,3.85768912923545,25
888.577000000001,-4.50003158200001,3.85730723653345,25
889.577000000001,-4.50007664113487,3.85711629018245,25
890.577000000001,-4.49998648316547,3.85692534383145,25
891.577000000001,-4.49997747133849,3.85635250477845,25
892.577000000001,-4.49997747133849,3.85616155842745,25
893.577000000001,-4.49998648316547,3.85577966572546,25
894.577000000001,-4.49999549499244,3.85539777302346,25
895.577000000001,-4.50004960565395,3.85520682667246,25
896.577000000001,-4.50008569266152,3.85501588032146,25
897.577000000001,-4.49999549499244,3.85463398761946,25
898.577000000001,-4.49995944768455,3.85425209491746,25
899.577000000001,-4.49999549499244,3.85406114856646,25
900.577000000001,-4.49997747133849,3.85367925586447,25
901.577000000001,-4.50004059382698,3.85348830951347,25
902.577000000001,-4.49999549499244,3.85310641681147,25
903.577000000001,-4.50000450681941,3.85272452410947,25
904.577000000001,-4.50002257017304,3.85234263140747,25
905.577000000001,-4.50004059382698,3.85215168505647,25
906.577000000001,-4.50002257017304,3.85176979235447,25
907.577000000001,-4.49994138433093,3.85157884600348,25
908.577000000001,-4.49993237250395,3.85138789965248,25
909.577000000001,-4.49993237250395,3.85100600695048,25
910.577000000001,-4.50001351864639,3.85081506059948,25
911.577000000001,-4.50003158200001,3.85043316789748,25
912.577000000001,-4.49996845951152,3.85005127519548,25
913.577000000001,-4.49995944768455,3.84986032884448,25
914.577000000001,-4.50001351864639,3.84947843614248,25
915.577000000001,-4.49995944768455,3.84928748979149,25
916.577000000001,-4.50004059382698,3.84890559708949,25
917.577000000001,-4.49996845951152,3.84852370438749,25
918.577000000001,-4.49995043585758,3.84814181168549,25
919.577000000001,-4.50001351864639,3.84814181168549,25
920.577000000001,-4.49996845951152,3.84775991898349,25
921.577000000001,-4.50002257017304,3.84756897263249,25
922.577000000001,-4.50002257017304,3.8471870799305,25
923.577000000001,-4.49995944768455,3.8469961335795,25
924.577000000001,-4.50001351864639,3.8464232945265,25
925.577000000001,-4.50001351864639,3.8462323481755,25
926.577000000001,-4.50001355834606,3.8460414018245,25
927.577000000001,-4.49994138433093,3.8456595091225,25
928.577000000001,-4.49997747133849,3.8454685627715,25
929.577000000001,-4.50004059382698,3.8450866700695,25
930.577000000001,-4.50001351864639,3.84489572371851,25
931.577000000001,-4.50002257017304,3.84470477736751,25
932.577000000001,-4.49998648316547,3.84432288466551,25
933.577000000001,-4.50004059382698,3.84413193831451,25
934.577000000001,-4.49999549499244,3.84394099196351,25
935.577000000001,-4.50004960565395,3.84355909926151,25
936.577000000001,-4.49995043585758,3.84298626020851,25
937.577000000001,-4.49996845951152,3.84279531385751,25
938.577000000001,-4.50002257017304,3.84260436750652,25
939.577000000001,-4.4999414240306,3.84222247480452,25
940.577000000001,-4.49999549499244,3.84203152845352,25
941.577000000001,-4.49999549499244,3.84184058210252,25
942.577000000001,-4.50002257017304,3.84145868940052,25
943.577000000001,-4.49996845951152,3.84126774304952,25
944.577000000001,-4.49994138433093,3.84088585034752,25
945.577000000001,-4.50003158200001,3.84069490399652,25
946.577000000001,-4.50000450681941,3.84050395764553,25
947.577000000001,-4.49995944768455,3.84012206494353,25
948.577000000001,-4.49998648316547,3.83974017224153,25
949.598000000002,-4.50001351864639,3.83954922589053,25
950.593000000001,-4.49996845951152,3.83916733318853,25
951.613000000001,-4.49997747133849,3.83897638683753,25
952.608,-4.50001355834606,3.83878544048653,25
953.608,-4.49995043585758,3.83840354778454,25
954.630000000001,-4.50004059382698,3.83821260143354,25
955.625,-4.50003158200001,3.83783070873154,25
956.645,-4.49997747133849,3.83763976238054,25
957.639999999999,-4.49998648316547,3.83725786967854,25
958.639999999999,-4.50001351864639,3.83706692332754,25
959.639999999999,-4.49999549499244,3.83668503062554,25
960.661,-4.49991434885001,3.83630313792354,25
961.655999999999,-4.49998648316547,3.83630313792354,25
962.675999999999,-4.50000450681941,3.83592124522155,25
963.671000000002,-4.5000947044885,3.83573029887055,25
964.691999999999,-4.49993237250395,3.83534840616855,25
965.687000000002,-4.50005861748093,3.83515745981755,25
966.687000000002,-4.49996845951152,3.83496651346655,25
967.687000000002,-4.49995944768455,3.83477556711555,25
968.687000000002,-4.49997747133849,3.83439367441355,25
969.687000000002,-4.50000450681941,3.83401178171155,25
970.687000000002,-4.50003158200001,3.83382083536056,25
971.687000000002,-4.50000450681941,3.83343894265856,25
972.687000000002,-4.49999549499244,3.83324799630756,25
973.687000000002,-4.49998648316547,3.83305704995656,25
974.687000000002,-4.50002257017304,3.83286610360556,25
975.687000000002,-4.50000450681941,3.83248421090356,25
976.687000000002,-4.50003158200001,3.83229326455256,25
977.687000000002,-4.50000450681941,3.83191137185056,25
978.687000000002,-4.49992336067698,3.83172042549957,25
979.687000000002,-4.50001355834606,3.83152947914857,25
980.687000000002,-4.49999549499244,3.83114758644657,25
981.687000000002,-4.50004960565395,3.83095664009557,25
982.687000000002,-4.49997747133849,3.83057474739357,25
983.687000000002,-4.50003158200001,3.83038380104257,25
984.687000000002,-4.50002257017304,3.83019285469157,25
985.687000000002,-4.50003158200001,3.82981096198957,25
986.687000000002,-4.5000947044885,3.82981096198957,25
987.687000000002,-4.49999549499244,3.82942906928758,25
988.687000000002,-4.50002257017304,3.82923812293658,25
989.687000000002,-4.50000450681941,3.82904717658558,25
990.687000000002,-4.49993237250395,3.82866528388358,25
991.687000000002,-4.50004960565395,3.82847433753258,25
992.687000000002,-4.49997747133849,3.82809244483058,25
993.687000000002,-4.50002257017304,3.82790149847958,25
994.687000000002,-4.50000450681941,3.82751960577758,25
995.687000000002,-4.49999549499244,3.82732865942659,25
996.687000000002,-4.49998648316547,3.82713771307559,25
997.687000000002,-4.50000450681941,3.82675582037359,25
998.687000000002,-4.49995944768455,3.82656487402259,25
999.687000000002,-4.49998648316547,3.82637392767159,25
1000.687,-4.49998648316547,3.82618298132059,25
1001.687,-4.50004059382698,3.82599203496959,25
1002.687,-4.49998648316547,3.82561014226759,25
1003.687,-4.50004059382698,3.82541919591659,25
1004.687,-4.4999503961579,3.8248463568636,25
1005.687,-4.5000676293079,3.8248463568636,25
1006.687,-4.49996845951152,3.8244644641616,25
1007.687,-4.49997747133849,3.8242735178106,25
1008.687,-4.50002257017304,3.8240825714596,25
1009.687,-4.49999549499244,3.8238916251086,25
1010.687,-4.49998648316547,3.8237006787576,25
1011.687,-4.49995944768455,3.8233187860556,25
1012.687,-4.49996845951152,3.8231278397046,25
1013.687,-4.50002257017304,3.82293689335361,25
1014.687,-4.50003158200001,3.82255500065161,25
1015.687,-4.50003158200001,3.82236405430061,25
1016.687,-4.49999549499244,3.82217310794961,25
1017.687,-4.50001355834606,3.82179121524761,25
1018.687,-4.50003158200001,3.82140932254561,25
1019.687,-4.49999549499244,3.82140932254561,25
1020.687,-4.49996845951152,3.82102742984361,25
1021.687,-4.50002257017304,3.82083648349261,25
1022.687,-4.49996845951152,3.82064553714162,25
1023.687,-4.5000947044885,3.82045459079062,25
1024.687,-4.50001355834606,3.82026364443962,25
1025.687,-4.50000450681941,3.82007269808862,25
1026.687,-4.49991434885001,3.81969080538662,25
1027.687,-4.50001351864639,3.81949985903562,25
1028.687,-4.49996845951152,3.81911796633362,25
1029.687,-4.50003158200001,3.81892701998262,25
1030.687,-4.49995944768455,3.81854512728063,25
1031.687,-4.50004960565395,3.81835418092963,25
1032.687,-4.50000450681941,3.81816323457863,25
1033.699,-4.50004960565395,3.81797228822763,25
1034.705,-4.49996845951152,3.81759039552563,25
1035.72,-4.50001351864639,3.81759039552563,25
1036.684,-4.50002257017304,3.81739944917463,25
1037.683,-4.50004960565395,3.81701755647263,25
1038.683,-4.5000676293079,3.81682661012163,25
1039.683,-4.50000450681941,3.81663566377063,25
1040.683,-4.50002257017304,3.81625377106864,25
1041.683,-4.5000676293079,3.81606282471764,25
1042.683,-4.50004059382698,3.81587187836664,25
1043.684,-4.49998648316547,3.81568093201564,25
1044.683,-4.4999503961579,3.81529903931364,25
1045.683,-4.50002257017304,3.81491714661164,25
1046.683,-4.49997747133849,3.81472620026064,25
1047.683,-4.50000450681941,3.81453525390964,25
1048.683,-4.49998648316547,3.81453525390964,25
1049.683,-4.49996845951152,3.81415336120765,25
1050.683,-4.50001355834606,3.81396241485665,25
1051.683,-4.50004059382698,3.81377146850565,25
1052.683,-4.49998648316547,3.81358052215465,25
1053.684,-4.50004059382698,3.81338957580365,25
1054.683,-4.50007664113487,3.81300768310165,25
1055.69,-4.49997747133849,3.81281673675065,25
1056.692,-4.50001351864639,3.81262579039965,25
1057.687,-4.49995043585758,3.81224389769765,25
1058.686,-4.49999549499244,3.81205295134665,25
1059.686,-4.49992336067698,3.81186200499566,25
1060.686,-4.50000450681941,3.81148011229366,25
1061.686,-4.50000454651909,3.81148011229366,25
1062.686,-4.50000450681941,3.81109821959166,25
1063.686,-4.50001351864639,3.81109821959166,25
1064.687,-4.49989632519606,3.81090727324066,25
1065.686,-4.49999549499244,3.81052538053866,25
1066.686,-4.50000450681941,3.81033443418766,25
1067.687,-4.49996845951152,3.81014348783666,25
1068.687,-4.49998648316547,3.80976159513467,25
1069.687,-4.49998648316547,3.80957064878367,25
1070.695,-4.50007664113487,3.80937970243267,25
1071.69,-4.50003158200001,3.80918875608167,25
1072.69,-4.49999549499244,3.80880686337967,25
1073.69,-4.49998648316547,3.80861591702867,25
1074.69,-4.50002257017304,3.80842497067767,25
1075.69,-4.49998648316547,3.80823402432667,25
1076.69,-4.49997747133849,3.80804307797567,25
1077.712,-4.49998648316547,3.80785213162467,25
1078.708,-4.49997747133849,3.80747023892268,25
1079.728,-4.49996845951152,3.80727929257168,25
1080.724,-4.50000450681941,3.80727929257168,25
1081.723,-4.50004059382698,3.80689739986968,25
1082.724,-4.50000454651909,3.80651550716768,25
1083.724,-4.49998648316547,3.80632456081668,25
1084.723,-4.50004960565395,3.80613361446568,25
1085.724,-4.49998648316547,3.80594266811468,25
1086.724,-4.49999549499244,3.80575172176368,25
1087.724,-4.49995944768455,3.80556077541268,25
1088.724,-4.49995944768455,3.80536982906169,25
1089.724,-4.49999549499244,3.80498793635969,25
1090.723,-4.50001355834606,3.80479699000869,25
1091.724,-4.50000450681941,3.80460604365769,25
1092.724,-4.50001351864639,3.80441509730669,25
1093.724,-4.50003158200001,3.80422415095569,25
1094.724,-4.50001355834606,3.80403320460469,25
1095.724,-4.50001355834606,3.80365131190269,25
1096.724,-4.49997747133849,3.80346036555169,25
1097.724,-4.50001355834606,3.80326941920069,25
1098.745,-4.50000450681941,3.8028875264987,25
1099.74,-4.50004960565395,3.8026965801477,25
1100.76,-4.49996845951152,3.8025056337967,25
1101.755,-4.50004059382698,3.8023146874457,25
1102.755,-4.50003158200001,3.8021237410947,25
1103.755,-4.50001355834606,3.8019327947437,25
1104.755,-4.50004960565395,3.8017418483927,25
1105.755,-4.50000450681941,3.8015509020417,25
1106.755,-4.50011272814244,3.8011690093397,25
1107.755,-4.50002257017304,3.80097806298871,25
1108.755,-4.50004059382698,3.80078711663771,25
1109.756,-4.49991434885001,3.80040522393571,25
1110.756,-4.49993237250395,3.80021427758471,25
1111.755,-4.50008569266152,3.80002333123371,25
1112.756,-4.49996845951152,3.79964143853171,25
1113.756,-4.50001355834606,3.79964143853171,25
1114.755,-4.49998648316547,3.79925954582971,25
1115.756,-4.49986925001547,3.79906859947871,25
1116.756,-4.50002257017304,3.79887765312771,25
1117.755,-4.50004059382698,3.79887765312771,25
1118.756,-4.50002257017304,3.79868670677672,25
1119.755,-4.5000676293079,3.79849576042572,25
1120.755,-4.50004059382698,3.79830481407472,25
1121.755,-4.50001355834606,3.79792292137272,25
1122.755,-4.49995043585758,3.79773197502172,25
1123.755,-4.49996845951152,3.79735008231972,25
1124.755,-4.50003158200001,3.79715913596872,25
1125.756,-4.49995944768455,3.79696818961772,25
1126.755,-4.50000450681941,3.79677724326672,25
1127.756,-4.49999549499244,3.79658629691573,25
1128.755,-4.49998648316547,3.79620440421373,25
1129.755,-4.49999549499244,3.79620440421373,25
1130.756,-4.49997747133849,3.79582251151173,25
1131.755,-4.49998648316547,3.79563156516073,25
1132.756,-4.50001351864639,3.79544061880973,25
1133.756,-4.49995944768455,3.79524967245873,25
1134.756,-4.5000676293079,3.79505872610773,25
1135.756,-4.49998648316547,3.79486777975673,25
1136.755,-4.50000450681941,3.79448588705473,25
1137.756,-4.5000676293079,3.79429494070374,25
1138.755,-4.50001351864639,3.79391304800174,25
1139.755,-4.49996845951152,3.79372210165074,25
1140.755,-4.49994138433093,3.79353115529974,25
1141.755,-4.49999549499244,3.79334020894874,25
1142.755,-4.49996845951152,3.79314926259774,25
1143.755,-4.49999549499244,3.79295831624674,25
1144.755,-4.49998648316547,3.79276736989574,25
1145.755,-4.50000450681941,3.79257642354474,25
1146.755,-4.49998648316547,3.79238547719374,25
1147.755,-4.49997747133849,3.79219453084275,25
1148.755,-4.49998648316547,3.79200358449175,25
1149.755,-4.50004059382698,3.79181263814075,25
1150.755,-4.50001355834606,3.79143074543875,25
1151.755,-4.50004059382698,3.79123979908775,25
1152.755,-4.49995944768455,3.79085790638575,25
1153.755,-4.4999414240306,3.79085790638575,25
1154.755,-4.49994138433093,3.79047601368375,25
1155.755,-4.49995043585758,3.79028506733275,25
1156.755,-4.50004059382698,3.79009412098175,25
1157.755,-4.49995043585758,3.79009412098175,25
1158.755,-4.49993237250395,3.78971222827976,25
1159.755,-4.50004960565395,3.78952128192876,25
1160.756,-4.49995944768455,3.78952128192876,25
1161.755,-4.49993237250395,3.78913938922676,25
1162.755,-4.50000450681941,3.78894844287576,25
1163.755,-4.49998648316547,3.78856655017376,25
1164.756,-4.50008569266152,3.78837560382276,25
1165.755,-4.49999549499244,3.78799371112076,25
1166.755,-4.49991434885001,3.78780276476977,25
1167.756,-4.50004960565395,3.78761181841877,25
1168.755,-4.50000450681941,3.78742087206777,25
1169.755,-4.50000450681941,3.78722992571677,25
1170.755,-4.49999549499244,3.78703897936577,25
1171.755,-4.49999549499244,3.78684803301477,25
1172.756,-4.50003158200001,3.78665708666377,25
1173.755,-4.50003158200001,3.78646614031277,25
1174.756,-4.49998648316547,3.78608424761077,25
1175.755,-4.50001351864639,3.78608424761077,25
1176.756,-4.49994138433093,3.78570235490877,25
1177.756,-4.49995944768455,3.78551140855778,25
1178.755,-4.50015782697698,3.78532046220678,25
1179.756,-4.49997747133849,3.78512951585578,25
1180.755,-4.50002257017304,3.78474762315378,25
1181.755,-4.49998648316547,3.78455667680278,25
1182.755,-4.49987830154212,3.78436573045178,25
1183.756,-4.50005861748093,3.78417478410078,25
1184.756,-4.50003158200001,3.78398383774978,25
1185.755,-4.49996845951152,3.78379289139878,25
1186.755,-4.50008565296184,3.78360194504778,25
1187.756,-4.49990533702304,3.78322005234579,25
1188.756,-4.49999549499244,3.78322005234579,25
1189.755,-4.50000450681941,3.78283815964379,25
1190.755,-4.49997747133849,3.78264721329279,25
1191.755,-4.50003158200001,3.78226532059079,25
1192.756,-4.50001351864639,3.78207437423979,25
1193.755,-4.50000450681941,3.78188342788879,25
1194.755,-4.49995944768455,3.78150153518679,25
1195.755,-4.4999414240306,3.78150153518679,25
1196.755,-4.49999549499244,3.7811196424848,25
1197.755,-4.50002257017304,3.7809286961338,25
1198.755,-4.50004960565395,3.7809286961338,25
1199.755,-4.50001351864639,3.7805468034318,25
1200.755,-4.5000676293079,3.7803558570808,25
1201.755,-4.49996845951152,3.7801649107298,25
1202.745,-4.49995944768455,3.7799739643788,25
1203.766,-4.49988731336909,3.7795920716768,25
1204.761,-4.50008569266152,3.7795920716768,25
1205.775,-4.50001355834606,3.77901923262381,25
1206.775,-4.50001351864639,3.77901923262381,25
1207.754,-4.49999549499244,3.77882828627281,25
1208.754,-4.49992336067698,3.77863733992181,25
1209.765,-4.50002257017304,3.77825544721981,25
1210.786,-4.50001351864639,3.77806450086881,25
1211.782,-4.50000450681941,3.77787355451781,25
1212.782,-4.49990533702304,3.77768260816681,25
1213.782,-4.50004960565395,3.77749166181581,25
1214.781,-4.49997747133849,3.77730071546481,25
1215.802,-4.49994138433093,3.77710976911381,25
1216.797,-4.50007664113487,3.77691882276281,25
1217.818,-4.49996845951152,3.77653693006082,25
1218.813,-4.50003158200001,3.77615503735882,25
1219.813,-4.50002257017304,3.77596409100782,25
1220.813,-4.50001355834606,3.77577314465682,25
1221.813,-4.49998648316547,3.77558219830582,25
1222.813,-4.50002257017304,3.77520030560382,25
1223.813,-4.50004960565395,3.77500935925282,25
1224.813,-4.50001355834606,3.77481841290182,25
1225.802,-4.49998648316547,3.77462746655083,25
1226.802,-4.49995944768455,3.77443652019983,25
1227.802,-4.49999549499244,3.77424557384883,25
1228.802,-4.49997747133849,3.77405462749783,25
1229.813,-4.49998648316547,3.77386368114683,25
1230.833,-4.50000450681941,3.77367273479583,25
1231.839,-4.50000450681941,3.77329084209383,25
1232.818,-4.49997747133849,3.77309989574283,25
1233.829,-4.50001351864639,3.77290894939183,25
1234.849,-4.50004059382698,3.77252705668983,25
1235.844,-4.50001355834606,3.77233611033884,25
1236.844,-4.49997747133849,3.77214516398784,25
1237.844,-4.50000450681941,3.77176327128584,25
1238.844,-4.50001355834606,3.77176327128584,25
1239.844,-4.50004059382698,3.77157232493484,25
1240.844,-4.50000450681941,3.77138137858384,25
1241.844,-4.5000947044885,3.77099948588184,25
1242.844,-4.50005861748093,3.77080853953084,25
1243.844,-4.49999549499244,3.77061759317984,25
1244.844,-4.50000450681941,3.77042664682884,25
1245.844,-4.49996845951152,3.77004475412685,25
1246.844,-4.50000450681941,3.76985380777585,25
1247.844,-4.50002257017304,3.76966286142485,25
1248.844,-4.50004059382698,3.76947191507385,25
1249.844,-4.49999549499244,3.76909002237185,25
1250.844,-4.50005861748093,3.76909002237185,25
1251.844,-4.49999549499244,3.76870812966985,25
1252.844,-4.49999549499244,3.76851718331885,25
1253.844,-4.49995043585758,3.76832623696785,25
1254.844,-4.49999549499244,3.76813529061685,25
1255.844,-4.50007664113487,3.76794434426586,25
1256.844,-4.50003158200001,3.76756245156386,25
1257.844,-4.50000450681941,3.76737150521286,25
1258.844,-4.49999549499244,3.76718055886186,25
1259.844,-4.50003158200001,3.76679866615986,25
1260.844,-4.50000450681941,3.76660771980886,25
1261.844,-4.50000450681941,3.76641677345786,25
1262.844,-4.50000450681941,3.76622582710686,25
1263.844,-4.49995944768455,3.76603488075586,25
1264.844,-4.5000676293079,3.76565298805387,25
1265.844,-4.49999549499244,3.76546204170287,25
1266.844,-4.49999549499244,3.76527109535187,25
1267.844,-4.50001351864639,3.76508014900087,25
1268.844,-4.50004960565395,3.76488920264987,25
1269.844,-4.50000450681941,3.76469825629887,25
1270.844,-4.50004059382698,3.76431636359687,25
1271.844,-4.50004960565395,3.76393447089487,25
1272.844,-4.50000450681941,3.76374352454387,25
1273.844,-4.50000450681941,3.76355257819288,25
1274.844,-4.50002257017304,3.76336163184188,25
1275.844,-4.50000450681941,3.76317068549088,25
1276.844,-4.49998648316547,3.76297973913988,25
1277.844,-4.50002257017304,3.76259784643788,25
1278.844,-4.49998648316547,3.76240690008688,25
1279.844,-4.49999549499244,3.76221595373588,25
1280.844,-4.49989632519606,3.76202500738488,25
1281.844,-4.49990533702304,3.76164311468288,25
1282.844,-4.49991434885001,3.76145216833189,25
1283.844,-4.49999549499244,3.76126122198089,25
1284.856,-4.50000450681941,3.76087932927889,25
1285.836,-4.50002257017304,3.76068838292789,25
1286.835,-4.49994138433093,3.76030649022589,25
1287.835,-4.50002257017304,3.76030649022589,25
1288.835,-4.50001351864639,3.75992459752389,25
1289.835,-4.49988731336909,3.75973365117289,25
1290.835,-4.5000676293079,3.75954270482189,25
1291.835,-4.49999549499244,3.75935175847089,25
1292.835,-4.49999549499244,3.7591608121199,25
1293.835,-4.49997747133849,3.7589698657689,25
1294.835,-4.49997747133849,3.7585879730669,25
1295.835,-4.49996845951152,3.7583970267159,25
1296.835,-4.49994138433093,3.7582060803649,25
1297.835,-4.49999549499244,3.7578241876629,25
1298.835,-4.49999549499244,3.7576332413119,25
1299.835,-4.49998648316547,3.7574422949609,25
1300.835,-4.50000450681941,3.7570604022589,25
1301.835,-4.50003158200001,3.75686945590791,25
1302.835,-4.49998648316547,3.75667850955691,25
1303.835,-4.49995944768455,3.75648756320591,25
1304.835,-4.50005861748093,3.75629661685491,25
1305.835,-4.50000450681941,3.75610567050391,25
1306.835,-4.49993237250395,3.75572377780191,25
1307.835,-4.49999549499244,3.75572377780191,25
1308.835,-4.49998648316547,3.75534188509991,25
1309.835,-4.49995944768455,3.75495999239791,25
1310.835,-4.50004059382698,3.75476904604692,25
1311.835,-4.50001355834606,3.75457809969592,25
1312.835,-4.49996845951152,3.75419620699392,25
1313.835,-4.49998648316547,3.75400526064292,25
1314.835,-4.50004960565395,3.75381431429192,25
1315.835,-4.50001355834606,3.75343242158992,25
1316.834,-4.50008565296184,3.75343242158992,25
1317.859,-4.49999549499244,3.75305052888792,25
1318.854,-4.49997747133849,3.75285958253692,25
1319.854,-4.50000450681941,3.75266863618593,25
1320.875,-4.50000450681941,3.75247768983493,25
1321.871,-4.49998648316547,3.75209579713293,25
1322.891,-4.49995944768455,3.75190485078193,25
1323.886,-4.49997747133849,3.75152295807993,25
1324.906,-4.49998648316547,3.75114106537793,25
1325.902,-4.49995944768455,3.75095011902693,25
1326.901,-4.50003158200001,3.75075917267593,25
1327.923,-4.49995944768455,3.75056822632493,25
1328.918,-4.49998648316547,3.75037727997394,25
1329.939,-4.49996845951152,3.74999538727194,25
1330.934,-4.50004960565395,3.74980444092094,25
1331.955,-4.49995944768455,3.74961349456994,25
1332.951,-4.50000450681941,3.74942254821894,25
1333.951,-4.49998648316547,3.74904065551694,25
1334.972,-4.50000450681941,3.74884970916594,25
1335.967,-4.49996845951152,3.74846781646394,25
1336.987,-4.49998648316547,3.74827687011294,25
1337.982,-4.49999549499244,3.74808592376195,25
1339.004,-4.50005861748093,3.74789497741095,25
1339.999,-4.49995043585758,3.74751308470895,25
1341.02,-4.49997747133849,3.74732213835795,25
1342.015,-4.49994138433093,3.74713119200695,25
1343.036,-4.49999549499244,3.74694024565595,25
1344.031,-4.49998648316547,3.74674929930495,25
1345.052,-4.49995043585758,3.74636740660295,25
1346.047,-4.49998648316547,3.74617646025195,25
1347.067,-4.50000450681941,3.74579456754996,25
1348.062,-4.49999549499244,3.74541267484796,25
1349.084,-4.50001351864639,3.74541267484796,25
1350.079,-4.50001351864639,3.74503078214596,25
1351.099,-4.49997747133849,3.74483983579496,25
1352.094,-4.5000676293079,3.74445794309296,25
1353.114,-4.49999549499244,3.74426699674196,25
1354.109,-4.49995944768455,3.74407605039096,25
1355.109,-4.50000450681941,3.74388510403997,25
1356.109,-4.50000450681941,3.74350321133797,25
1357.109,-4.50000450681941,3.74331226498697,25
1358.11,-4.50000450681941,3.74312131863597,25
1359.109,-4.50000450681941,3.74273942593397,25
1360.109,-4.50001351864639,3.74254847958297,25
1361.129,-4.49997747133849,3.74235753323197,25
1362.124,-4.50001355834606,3.74197564052997,25
1363.145,-4.50002257017304,3.74178469417897,25
1364.14,-4.49999549499244,3.74159374782798,25
1365.14,-4.50001351864639,3.74121185512598,25
1366.14,-4.49995043585758,3.74102090877498,25
1367.14,-4.50001351864639,3.74082996242398,25
1368.14,-4.49997747133849,3.74063901607298,25
1369.14,-4.49999549499244,3.74025712337098,25
1370.14,-4.49998648316547,3.74006617701998,25
1371.14,-4.49997747133849,3.73968428431798,25
1372.14,-4.49997747133849,3.73949333796699,25
1373.14,-4.49995944768455,3.73911144526499,25
1374.128,-4.50003158200001,3.73892049891399,25
1375.128,-4.50002257017304,3.73853860621199,25
1376.128,-4.49998648316547,3.73834765986099,25
1377.137,-4.49995944768455,3.73815671350999,25
1378.132,-4.50002257017304,3.73796576715899,25
1379.142,-4.49996845951152,3.73777482080799,25
1380.137,-4.49986023818849,3.73739292810599,25
1381.137,-4.50003158200001,3.737201981755,25
1382.161,-4.49995944768455,3.737011035404,25
1383.156,-4.50003158200001,3.736820089053,25
1384.176,-4.49999549499244,3.73624725,25
1385.171,-4.50004960565395,3.73624725,25
1386.171,-4.49997747133849,3.735865357298,25
1387.171,-4.50003158200001,3.735483464596,25
1388.171,-4.49995043585758,3.735292518245,25
1389.171,-4.50004960565395,3.735101571894,25
1390.171,-4.50001351864639,3.73491062554301,25
1391.171,-4.49993237250395,3.73471967919201,25
1392.171,-4.50005861748093,3.73452873284101,25
1393.171,-4.49995043585758,3.73395589378801,25
1394.171,-4.49997747133849,3.73376494743701,25
1395.191,-4.49995944768455,3.73357400108601,25
1396.186,-4.49999549499244,3.73319210838401,25
1397.207,-4.49998648316547,3.73300116203301,25
1398.202,-4.49998648316547,3.73261926933102,25
1399.202,-4.49995043585758,3.73242832298002,25
1400.202,-4.50002257017304,3.73204643027802,25
1401.202,-4.50004960565395,3.73204643027802,25
1402.202,-4.49999549499244,3.73166453757602,25
1403.202,-4.50000450681941,3.73147359122502,25
1404.202,-4.50004960565395,3.73128264487402,25
1405.202,-4.50001355834606,3.73090075217202,25
1406.202,-4.49995944768455,3.73070980582103,25
1407.202,-4.49999549499244,3.73032791311903,25
1408.202,-4.50001355834606,3.73013696676803,25
1409.202,-4.50004059382698,3.72975507406603,25
1410.202,-4.50002257017304,3.72956412771503,25
1411.202,-4.50001351864639,3.72937318136403,25
1412.202,-4.49995944768455,3.72899128866203,25
1413.202,-4.50003158200001,3.72899128866203,25
1414.202,-4.49999549499244,3.72860939596003,25
1415.223,-4.49999549499244,3.72841844960904,25
1416.219,-4.50002257017304,3.72822750325804,25
1417.24,-4.50004059382698,3.72784561055604,25
1418.235,-4.49995043585758,3.72765466420504,25
1419.255,-4.49996845951152,3.72708182515204,25
1420.25,-4.49999549499244,3.72689087880104,25
1421.271,-4.49999549499244,3.72650898609904,25
1422.266,-4.49998648316547,3.72631803974804,25
1423.286,-4.49999549499244,3.72612709339705,25
1424.281,-4.50003158200001,3.72593614704605,25
1425.302,-4.50002257017304,3.72574520069505,25
1426.297,-4.50001351864639,3.72536330799305,25
1427.319,-4.49999549499244,3.72517236164205,25
1428.312,-4.50000450681941,3.72479046894005,25
1429.333,-4.49999549499244,3.72459952258905,25
1430.329,-4.49998648316547,3.72421762988705,25
1431.352,-4.49999549499244,3.72402668353606,25
1432.347,-4.50000450681941,3.72364479083406,25
1433.367,-4.50000450681941,3.72345384448306,25
1434.362,-4.50002257017304,3.72307195178106,25
1435.384,-4.50003158200001,3.72288100543006,25
1436.379,-4.49997747133849,3.72269005907906,25
1437.379,-4.50000450681941,3.72249911272806,25
1438.379,-4.49998648316547,3.72211722002606,25
1439.4,-4.50004059382698,3.72192627367507,25
1440.395,-4.50007668083455,3.72173532732407,25
1441.415,-4.50003158200001,3.72135343462207,25
1442.41,-4.50002257017304,3.72116248827107,25
1443.41,-4.50001355834606,3.72078059556907,25
1444.41,-4.50002257017304,3.72058964921807,25
1445.41,-4.50005861748093,3.72020775651607,25
1446.41,-4.49997747133849,3.72001681016507,25
1447.41,-4.50000450681941,3.71982586381407,25
1448.41,-4.50003158200001,3.71963491746308,25
1449.41,-4.50002257017304,3.71925302476108,25
1450.41,-4.50002257017304,3.71906207841008,25
1451.41,-4.49996845951152,3.71868018570808,25
1452.41,-4.5000676293079,3.71848923935708,25
1453.41,-4.50000450681941,3.71810734665508,25
1454.431,-4.50004059382698,3.71772545395308,25
1455.426,-4.50001355834606,3.71753450760208,25
1456.446,-4.49999549499244,3.71715261490009,25
1457.441,-4.49995944768455,3.71696166854909,25
1458.441,-4.50000450681941,3.71677072219809,25
1459.441,-4.5000676293079,3.71657977584709,25
1460.442,-4.49995944768455,3.71619788314509,25
1461.441,-4.50000450681941,3.71600693679409,25
1462.441,-4.49998648316547,3.71562504409209,25
1463.441,-4.4999503961579,3.71543409774109,25
1464.441,-4.50003158200001,3.7152431513901,25
1465.441,-4.50001351864639,3.7150522050391,25
1466.441,-4.50008565296184,3.7148612586881,25
1467.441,-4.49999549499244,3.7144793659861,25
1468.441,-4.50004960565395,3.7142884196351,25
1469.441,-4.50007664113487,3.7139065269331,25
1470.441,-4.49996845951152,3.7137155805821,25
1471.441,-4.50001351864639,3.7135246342311,25
1472.441,-4.50005861748093,3.7133336878801,25
1473.441,-4.50004059382698,3.71295179517811,25
1474.442,-4.49993237250395,3.71276084882711,25
1475.441,-4.49998648316547,3.71237895612511,25
1476.441,-4.50001355834606,3.71199706342311,25
1477.463,-4.50005861748093,3.71180611707211,25
1478.458,-4.49995043585758,3.71161517072111,25
1479.478,-4.50005861748093,3.71123327801911,25
1480.473,-4.49998648316547,3.71104233166811,25
1481.473,-4.49997747133849,3.71066043896612,25
1482.473,-4.49999549499244,3.71046949261512,25
1483.473,-4.50005861748093,3.71027854626412,25
1484.474,-4.49999549499244,3.70989665356212,25
1485.473,-4.50000450681941,3.70970570721112,25
1486.473,-4.49995043585758,3.70951476086012,25
1487.473,-4.50001351864639,3.70913286815812,25
1488.473,-4.5000947044885,3.70875097545612,25
1489.473,-4.5000676293079,3.70856002910513,25
1490.473,-4.49997747133849,3.70817813640313,25
1491.473,-4.49998648316547,3.70798719005213,25
1492.473,-4.50007664113487,3.70779624370113,25
1493.474,-4.49997747133849,3.70741435099913,25
1494.474,-4.50000450681941,3.70722340464813,25
1495.473,-4.49997747133849,3.70703245829713,25
1496.473,-4.49998648316547,3.70665056559513,25
1497.473,-4.5000676293079,3.70645961924414,25
1498.494,-4.49998648316547,3.70607772654214,25
1499.489,-4.49999549499244,3.70569583384014,25
1500.509,-4.49993237250395,3.70531394113814,25
1501.504,-4.49993237250395,3.70512299478714,25
1502.504,-4.50004960565395,3.70493204843614,25
1503.504,-4.50004059382698,3.70474110208514,25
1504.504,-4.50000450681941,3.70455015573414,25
1505.504,-4.50001355834606,3.70416826303215,25
1506.504,-4.50003158200001,3.70397731668115,25
1507.504,-4.50002257017304,3.70359542397915,25
1508.505,-4.50003158200001,3.70340447762815,25
1509.504,-4.49998648316547,3.70302258492615,25
1510.504,-4.50000450681941,3.70264069222415,25
1511.504,-4.50004059382698,3.70244974587315,25
1512.504,-4.50001355834606,3.70225879952215,25
1513.504,-4.50002257017304,3.70187690682016,25
1514.504,-4.50005861748093,3.70149501411816,25
1515.504,-4.49999549499244,3.70149501411816,25
1516.504,-4.50001351864639,3.70111312141616,25
1517.504,-4.50003158200001,3.70092217506516,25
1518.504,-4.49995944768455,3.70054028236316,25
1519.526,-4.49999549499244,3.70034933601216,25
1520.521,-4.50001351864639,3.69996744331017,25
1521.541,-4.49998648316547,3.69958555060817,25
1522.536,-4.50000450681941,3.69939460425717,25
1523.536,-4.49998648316547,3.69920365790617,25
1524.536,-4.49999549499244,3.69882176520417,25
1525.536,-4.50001351864639,3.69843987250217,25
1526.536,-4.50001351864639,3.69843987250217,25
1527.536,-4.49995944768455,3.69805797980017,25
1528.536,-4.50002257017304,3.69767608709818,25
1529.536,-4.50001351864639,3.69748514074718,25
1530.536,-4.50001355834606,3.69729419439618,25
1531.536,-4.50001351864639,3.69691230169418,25
1532.536,-4.50001355834606,3.69653040899218,25
1533.536,-4.50004059382698,3.69633946264118,25
1534.536,-4.50002257017304,3.69614851629018,25
1535.536,-4.50004059382698,3.69576662358818,25
1536.536,-4.49994138433093,3.69538473088619,25
1537.536,-4.50002257017304,3.69519378453519,25
1538.536,-4.49998648316547,3.69500283818419,25
1539.536,-4.49996845951152,3.69481189183319,25
1540.557,-4.50002257017304,3.69442999913119,25
1541.552,-4.49999549499244,3.69423905278019,25
1542.572,-4.50000450681941,3.69385716007819,25
1543.567,-4.50002257017304,3.69347526737619,25
1544.567,-4.49995944768455,3.6930933746742,25
1545.567,-4.50005861748093,3.6929024283232,25
1546.567,-4.50001355834606,3.6925205356212,25
1547.568,-4.49999549499244,3.6923295892702,25
1548.568,-4.49999549499244,3.6921386429192,25
1549.568,-4.49997747133849,3.6919476965682,25
1550.567,-4.49996845951152,3.6915658038662,25
1551.567,-4.50001351864639,3.6913748575152,25
1552.567,-4.50002257017304,3.69099296481321,25
1553.567,-4.50000450681941,3.69061107211121,25
1554.567,-4.49999549499244,3.69042012576021,25
1555.567,-4.50001355834606,3.69003823305821,25
1556.568,-4.50000450681941,3.68984728670721,25
1557.568,-4.49999549499244,3.68946539400521,25
1558.568,-4.50002257017304,3.68927444765421,25
1559.568,-4.49998648316547,3.68908350130321,25
1560.567,-4.50003158200001,3.68889255495222,25
1561.567,-4.49995944768455,3.68851066225022,25
1562.567,-4.49997747133849,3.68831971589922,25
1563.567,-4.49995944768455,3.68793782319722,25
1564.568,-4.50000450681941,3.68755593049522,25
1565.568,-4.49997747133849,3.68736498414422,25
1566.568,-4.49996845951152,3.68698309144222,25
1567.568,-4.50001351864639,3.68679214509122,25
1568.567,-4.50001351864639,3.68641025238923,25
1569.588,-4.50000450681941,3.68621930603823,25
1570.583,-4.49999549499244,3.68602835968723,25
1571.603,-4.50004960565395,3.68564646698523,25
1572.598,-4.49999549499244,3.68545552063423,25
1573.598,-4.50002257017304,3.68507362793223,25
1574.598,-4.50000450681941,3.68488268158123,25
1575.598,-4.50001351864639,3.68430984252824,25
1576.598,-4.50001351864639,3.68430984252824,25
1577.598,-4.50002257017304,3.68373700347524,25
1578.598,-4.49997747133849,3.68354605712424,25
1579.598,-4.50003158200001,3.68335511077324,25
1580.598,-4.50002257017304,3.68316416442224,25
1581.598,-4.49995944768455,3.68278227172024,25
1582.598,-4.49999549499244,3.68259132536924,25
1583.598,-4.50000450681941,3.68220943266725,25
1584.619,-4.49995043585758,3.68201848631625,25
1585.625,-4.50001355834606,3.68144564726325,25
1586.604,-4.50003158200001,3.68125470091225,25
1587.603,-4.50000450681941,3.68087280821025,25
1588.603,-4.50004059382698,3.68068186185925,25
1589.609,-4.50000450681941,3.68049091550825,25
1590.631,-4.49998648316547,3.68010902280626,25
1591.62,-4.50004059382698,3.67991807645526,25
1592.63,-4.49997747133849,3.67972713010426,25
1593.625,-4.50000450681941,3.67934523740226,25
1594.636,-4.49992336067698,3.67915429105126,25
1595.656,-4.49999549499244,3.67877239834926,25
1596.651,-4.50000450681941,3.67839050564726,25
1597.671,-4.49999549499244,3.67819955929626,25
1598.666,-4.49999549499244,3.67781766659427,25
1599.666,-4.50002257017304,3.67762672024327,25
1600.666,-4.50000450681941,3.67724482754127,25
1601.666,-4.50001351864639,3.67705388119027,25
1602.666,-4.50002257017304,3.67667198848827,25
1603.666,-4.49998648316547,3.67648104213727,25
1604.666,-4.49994138433093,3.67629009578627,25
1605.666,-4.49997747133849,3.67590820308427,25
1606.666,-4.49996845951152,3.67552631038228,25
1607.666,-4.50000450681941,3.67514441768028,25
1608.666,-4.50002257017304,3.67476252497828,25
1609.667,-4.50003158200001,3.67457157862728,25
1610.667,-4.49999549499244,3.67438063227628,25
1611.667,-4.50001351864639,3.67399873957428,25
1612.666,-4.5000676293079,3.67399873957428,25
1613.666,-4.50003158200001,3.67361684687228,25
1614.666,-4.49996845951152,3.67323495417029,25
1615.666,-4.50000450681941,3.67304400781929,25
1616.667,-4.49995944768455,3.67266211511729,25
1617.667,-4.50002257017304,3.67228022241529,25
1618.666,-4.50002257017304,3.67189832971329,25
1619.667,-4.49996845951152,3.67170738336229,25
1620.666,-4.50003158200001,3.6713254906603,25
1621.667,-4.50001351864639,3.6711345443093,25
1622.666,-4.50003158200001,3.6709435979583,25
1623.666,-4.49998648316547,3.6707526516073,25
1624.666,-4.50001351864639,3.6703707589053,25
1625.667,-4.50003158200001,3.6699888662033,25
1626.667,-4.50004059382698,3.6697979198523,25
1627.667,-4.50001351864639,3.6696069735013,25
1628.667,-4.50005861748093,3.6692250807993,25
1629.667,-4.50001351864639,3.66884318809731,25
1630.667,-4.49998648316547,3.66846129539531,25
1631.667,-4.50002257017304,3.66827034904431,25
1632.667,-4.49999549499244,3.66807940269331,25
1633.667,-4.50001351864639,3.66769750999131,25
1634.666,-4.5000676293079,3.66750656364031,25
1635.667,-4.50003158200001,3.66712467093831,25
1636.666,-4.49999549499244,3.66693372458732,25
1637.667,-4.50011272814244,3.66655183188532,25
1638.666,-4.49998648316547,3.66616993918332,25
1639.667,-4.49997747133849,3.66597899283232,25
1640.667,-4.49998648316547,3.66559710013032,25
1641.667,-4.49992336067698,3.66521520742832,25
1642.667,-4.49999549499244,3.66502426107732,25
1643.666,-4.50000450681941,3.66483331472632,25
1644.667,-4.50003158200001,3.66464236837533,25
1645.666,-4.49998648316547,3.66426047567333,25
1646.666,-4.49995944768455,3.66406952932233,25
1647.666,-4.50001351864639,3.66349669026933,25
1648.688,-4.50000450681941,3.66349669026933,25
1649.683,-4.50003158200001,3.66292385121633,25
1650.703,-4.49996845951152,3.66273290486533,25
1651.698,-4.49996845951152,3.66235101216334,25
1652.698,-4.50007664113487,3.66216006581234,25
1653.698,-4.50004960565395,3.66177817311034,25
1654.698,-4.49996845951152,3.66158722675934,25
1655.698,-4.50008565296184,3.66139628040834,25
1656.698,-4.50007664113487,3.66101438770634,25
1657.698,-4.49994138433093,3.66063249500434,25
1658.698,-4.50004960565395,3.66044154865334,25
1659.698,-4.49995944768455,3.66005965595135,25
1660.698,-4.50000450681941,3.65967776324935,25
1661.699,-4.50002257017304,3.65948681689835,25
1662.698,-4.50004059382698,3.65910492419635,25
1663.698,-4.50000450681941,3.65891397784535,25
1664.698,-4.49995940798487,3.65872303149435,25
1665.698,-4.50005861748093,3.65834113879235,25
1666.698,-4.50001351864639,3.65795924609036,25
1667.719,-4.49995944768455,3.65776829973936,25
1668.714,-4.50001351864639,3.65757735338836,25
1669.734,-4.5000676293079,3.65719546068636,25
1670.73,-4.50002257017304,3.65681356798436,25
1671.729,-4.50001351864639,3.65643167528236,25
1672.73,-4.49999549499244,3.65624072893136,25
1673.729,-4.49998648316547,3.65585883622937,25
1674.729,-4.49995043585758,3.65566788987837,25
1675.73,-4.50003158200001,3.65547694352737,25
1676.73,-4.50004059382698,3.65509505082537,25
1677.73,-4.49999549499244,3.65471315812337,25
1678.73,-4.49996845951152,3.65452221177237,25
1679.73,-4.49998648316547,3.65414031907037,25
1680.718,-4.49998648316547,3.65375842636838,25
1681.73,-4.50005861748093,3.65356748001738,25
1682.73,-4.50005861748093,3.65318558731538,25
1683.729,-4.50002257017304,3.65280369461338,25
1684.751,-4.50003158200001,3.65261274826238,25
1685.746,-4.49995944768455,3.65242180191138,25
1686.767,-4.50004960565395,3.65203990920938,25
1687.762,-4.50001351864639,3.65184896285838,25
1688.762,-4.49999549499244,3.65146707015639,25
1689.762,-4.50003158200001,3.65108517745439,25
1690.762,-4.50002257017304,3.65089423110339,25
1691.762,-4.49999549499244,3.65051233840139,25
1692.762,-4.49997747133849,3.65013044569939,25
1693.762,-4.49999549499244,3.64993949934839,25
1694.762,-4.49998648316547,3.64955760664639,25
1695.762,-4.49998648316547,3.64936666029539,25
1696.762,-4.50003158200001,3.6491757139444,25
1697.762,-4.50001351864639,3.6487938212424,25
1698.762,-4.49998648316547,3.6484119285404,25
1699.762,-4.49995944768455,3.6482209821894,25
1700.762,-4.50003158200001,3.6476481431364,25
1701.762,-4.49999549499244,3.6474571967854,25
1702.762,-4.49997747133849,3.6472662504344,25
1703.762,-4.49995944768455,3.64688435773241,25
1704.762,-4.50000450681941,3.64669341138141,25
1705.762,-4.49996845951152,3.64631151867941,25
1706.762,-4.50005861748093,3.64612057232841,25
1707.762,-4.50008569266152,3.64573867962641,25
1708.762,-4.49996845951152,3.64554773327541,25
1709.762,-4.50003158200001,3.64516584057341,25
1710.751,-4.50000450681941,3.64478394787142,25
1711.774,-4.49995944768455,3.64459300152042,25
1712.77,-4.50003158200001,3.64402016246742,25
1713.769,-4.50005861748093,3.64382921611642,25
1714.77,-4.49995043585758,3.64344732341442,25
1715.769,-4.50000450681941,3.64344732341442,25
1716.77,-4.49995043585758,3.64306543071242,25
1717.769,-4.49996845951152,3.64287448436142,25
1718.77,-4.50002257017304,3.64249259165943,25
1719.77,-4.49994138433093,3.64211069895743,25
1720.775,-4.50000450681941,3.64172880625543,25
1721.771,-4.50002257017304,3.64134691355343,25
1722.771,-4.49997747133849,3.64115596720243,25
1723.771,-4.49995043585758,3.64077407450043,25
1724.771,-4.50004059382698,3.64058312814943,25
1725.771,-4.49995944768455,3.64039218179844,25
1726.771,-4.50002257017304,3.64001028909644,25
1727.771,-4.49998648316547,3.63962839639444,25
1728.77,-4.50003158200001,3.63943745004344,25
1729.771,-4.50003158200001,3.63905555734144,25
1730.771,-4.50004960565395,3.63886461099044,25
1731.771,-4.50001351864639,3.63848271828844,25
1732.771,-4.50000450681941,3.63810082558645,25
1733.771,-4.5000676293079,3.63790987923545,25
1734.771,-4.50011272814244,3.63752798653345,25
1735.771,-4.50001351864639,3.63733704018245,25
1736.771,-4.50004960565395,3.63695514748045,25
1737.792,-4.50000450681941,3.63657325477845,25
1738.787,-4.50002257017304,3.63638230842745,25
1739.807,-4.50005861748093,3.63619136207646,25
1740.803,-4.49998648316547,3.63561852302346,25
1741.802,-4.50002257017304,3.63542757667246,25
1742.803,-4.49999549499244,3.63523663032146,25
1743.803,-4.49997747133849,3.63466379126846,25
1744.803,-4.49995043585758,3.63447284491746,25
1745.803,-4.50002257017304,3.63428189856646,25
1746.803,-4.50001351864639,3.63390000586447,25
1747.803,-4.49997747133849,3.63370905951347,25
1748.803,-4.49996845951152,3.63351811316247,25
1749.802,-4.49995944768455,3.63313622046047,25
1750.803,-4.50003158200001,3.63275432775847,25
1751.803,-4.49998648316547,3.63237243505647,25
1752.802,-4.49996845951152,3.63199054235447,25
1753.803,-4.50000450681941,3.63179959600348,25
1754.803,-4.50002257017304,3.63141770330148,25
1755.803,-4.50004059382698,3.63122675695048,25
1756.803,-4.49997747133849,3.63084486424848,25
1757.803,-4.50002257017304,3.63065391789748,25
1758.803,-4.49995944768455,3.63027202519548,25
1759.802,-4.50000450681941,3.62989013249348,25
1760.803,-4.49999549499244,3.62950823979149,25
1761.802,-4.49999549499244,3.62912634708949,25
1762.823,-4.50001351864639,3.62893540073849,25
1763.818,-4.49994138433093,3.62855350803649,25
1764.839,-4.50003158200001,3.62817161533449,25
1765.834,-4.50003158200001,3.62817161533449,25
1766.834,-4.50003158200001,3.62778972263249,25
1767.834,-4.49998648316547,3.62740782993049,25
1768.834,-4.49993237250395,3.6272168835795,25
1769.834,-4.50004059382698,3.6268349908775,25
1770.834,-4.49997747133849,3.6266440445265,25
1771.834,-4.49998648316547,3.6262621518245,25
1772.834,-4.49998648316547,3.6258802591225,25
1773.834,-4.50002257017304,3.6256893127715,25
1774.834,-4.50000450681941,3.6253074200695,25
1775.834,-4.49996845951152,3.62511647371851,25
1776.834,-4.50002257017304,3.62473458101651,25
1777.834,-4.49997747133849,3.62435268831451,25
1778.834,-4.50001355834606,3.62416174196351,25
1779.834,-4.49993237250395,3.62397079561251,25
1780.834,-4.50004059382698,3.62358890291051,25
1781.854,-4.4999503961579,3.62320701020851,25
1782.849,-4.50002257017304,3.62282511750652,25
1783.869,-4.50004059382698,3.62244322480452,25
1784.865,-4.49992336067698,3.62206133210252,25
1785.865,-4.49996845951152,3.62206133210252,25
1786.865,-4.49996845951152,3.62167943940052,25
1787.865,-4.49998648316547,3.62129754669852,25
1788.865,-4.49999549499244,3.62091565399652,25
1789.864,-4.50001355834606,3.62072470764553,25
1790.865,-4.49994138433093,3.62034281494353,25
1791.865,-4.49995944768455,3.62015186859253,25
1792.864,-4.50004059382698,3.61976997589053,25
1793.865,-4.50003158200001,3.61938808318853,25
1794.865,-4.49996845951152,3.61900619048653,25
1795.865,-4.50002257017304,3.61900619048653,25
1796.864,-4.50002257017304,3.61862429778453,25
1797.865,-4.50004960565395,3.61824240508254,25
1798.865,-4.49999549499244,3.61805145873154,25
1799.865,-4.49999549499244,3.61766956602954,25
1800.864,-4.49994138433093,3.61728767332754,25
1801.885,-4.50002257017304,3.61709672697654,25
1802.88,-4.50003158200001,3.61671483427454,25
1803.9,-4.49998648316547,3.61633294157255,25
1804.895,-4.50002257017304,3.61614199522155,25
1805.896,-4.50004960565395,3.61595104887055,25
1806.895,-4.49995944768455,3.61556915616855,25
1807.895,-4.50001355834606,3.61537820981755,25
1808.895,-4.50004059382698,3.61499631711555,25
1809.895,-4.49996845951152,3.61461442441355,25
1810.895,-4.50000450681941,3.61442347806255,25
1811.895,-4.49997747133849,3.61404158536056,25
1812.895,-4.49999549499244,3.61365969265856,25
1813.895,-4.50000450681941,3.61327779995656,25
1814.895,-4.50000450681941,3.61308685360556,25
1815.895,-4.49999549499244,3.61289590725456,25
1816.895,-4.49998648316547,3.61251401455256,25
1817.895,-4.49993237250395,3.61213212185056,25
1818.895,-4.49995944768455,3.61194117549957,25
1819.916,-4.50002257017304,3.61155928279757,25
1820.911,-4.50004059382698,3.61117739009557,25
1821.931,-4.50002257017304,3.61098644374457,25
1822.926,-4.50000450681941,3.61060455104257,25
1823.926,-4.49997747133849,3.61041360469157,25
1824.926,-4.49999549499244,3.61003171198957,25
1825.926,-4.49997747133849,3.60984076563857,25
1826.926,-4.49995043585758,3.60945887293658,25
1827.926,-4.49992336067698,3.60907698023458,25
1828.926,-4.49997747133849,3.60869508753258,25
1829.926,-4.50003158200001,3.60850414118158,25
1830.926,-4.49998648316547,3.60812224847958,25
1831.926,-4.49997747133849,3.60774035577758,25
1832.926,-4.50001355834606,3.60754940942659,25
1833.926,-4.50002257017304,3.60735846307559,25
1834.926,-4.50001355834606,3.60697657037359,25
1835.926,-4.49999549499244,3.60678562402259,25
1836.926,-4.49996845951152,3.60640373132059,25
1837.926,-4.50000450681941,3.60602183861859,25
1838.947,-4.49992336067698,3.60583089226759,25
1839.942,-4.49995944768455,3.60544899956559,25
1840.963,-4.49994138433093,3.6048761605126,25
1841.958,-4.5000947044885,3.6048761605126,25
1842.958,-4.50004059382698,3.6044942678106,25
1843.958,-4.49993237250395,3.6041123751086,25
1844.958,-4.50007664113487,3.6039214287576,25
1845.958,-4.50001351864639,3.6037304824066,25
1846.958,-4.50002257017304,3.6033485897046,25
1847.958,-4.50000450681941,3.60296669700261,25
1848.958,-4.50001351864639,3.60277575065161,25
1849.958,-4.50005861748093,3.60239385794961,25
1850.958,-4.49993237250395,3.60201196524761,25
1851.958,-4.50000450681941,3.60182101889661,25
1852.958,-4.49998648316547,3.60143912619461,25
1853.958,-4.50003158200001,3.60105723349261,25
1854.958,-4.49999549499244,3.60067534079062,25
1855.958,-4.50000450681941,3.60067534079062,25
1856.958,-4.49996845951152,3.60029344808862,25
1857.958,-4.49995043585758,3.59991155538662,25
1858.958,-4.50000450681941,3.59952966268462,25
1859.958,-4.49995043585758,3.59933871633362,25
1860.958,-4.50002257017304,3.59895682363162,25
1861.978,-4.49990533702304,3.59857493092963,25
1862.973,-4.50003158200001,3.59838398457863,25
1863.994,-4.50001351864639,3.59800209187663,25
1864.989,-4.50001355834606,3.59781114552563,25
1865.989,-4.50002257017304,3.59742925282363,25
1866.989,-4.50001355834606,3.59723830647263,25
1867.989,-4.49999549499244,3.59685641377063,25
1868.989,-4.50000450681941,3.59666546741963,25
1869.989,-4.49996845951152,3.59628357471764,25
1870.989,-4.49996845951152,3.59590168201564,25
1871.989,-4.50001355834606,3.59571073566464,25
1872.989,-4.5000676293079,3.59532884296264,25
1873.989,-4.49996845951152,3.59494695026064,25
1874.989,-4.50001351864639,3.59456505755864,25
1875.989,-4.49995043585758,3.59437411120765,25
1876.989,-4.49997747133849,3.59418316485665,25
1877.989,-4.50001355834606,3.59399221850565,25
1878.989,-4.49995944768455,3.59361032580365,25
1880.01,-4.50003158200001,3.59322843310165,25
1881.005,-4.49994138433093,3.59284654039965,25
1882.026,-4.49999549499244,3.59246464769765,25
1883.021,-4.50000450681941,3.59227370134666,25
1884.021,-4.49992336067698,3.59189180864466,25
1885.021,-4.49992336067698,3.59150991594266,25
1886.029,-4.49995944768455,3.59150991594266,25
1887.024,-4.50003158200001,3.59112802324066,25
1888.024,-4.49993237250395,3.59074613053866,25
1889.024,-4.50000450681941,3.59055518418766,25
1890.024,-4.49998648316547,3.59017329148566,25
1891.024,-4.50003158200001,3.58998234513467,25
1892.024,-4.49995043585758,3.58960045243267,25
1893.024,-4.50001351864639,3.58940950608167,25
1894.024,-4.5000676293079,3.58902761337967,25
1895.024,-4.50000450681941,3.58864572067767,25
1896.024,-4.50000450681941,3.58845477432667,25
1897.024,-4.50003158200001,3.58807288162467,25
1898.024,-4.50004960565395,3.58788193527367,25
1899.024,-4.49996845951152,3.58750004257168,25
1900.024,-4.5000676293079,3.58730909622068,25
1901.024,-4.49999549499244,3.58692720351868,25
1902.024,-4.49995944768455,3.58654531081668,25
1903.024,-4.49999549499244,3.58616341811468,25
1904.024,-4.50004960565395,3.58597247176368,25
1905.024,-4.49996845951152,3.58559057906169,25
1906.024,-4.50002257017304,3.58539963271069,25
1907.024,-4.50004059382698,3.58520868635969,25
1908.024,-4.49995944768455,3.58482679365769,25
1909.024,-4.50004059382698,3.58463584730669,25
1910.024,-4.50002257017304,3.58425395460469,25
1911.024,-4.49998648316547,3.58387206190269,25
1912.024,-4.49992336067698,3.58349016920069,25
1913.024,-4.50004960565395,3.5832992228497,25
1914.024,-4.49994138433093,3.5829173301477,25
1915.024,-4.50002257017304,3.5827263837967,25
1916.024,-4.49994138433093,3.5823444910947,25
1917.044,-4.49999549499244,3.5821535447437,25
1918.039,-4.50004960565395,3.5819625983927,25
1919.06,-4.49999549499244,3.5815807056907,25
1920.055,-4.50004059382698,3.58119881298871,25
1921.055,-4.49995043585758,3.58081692028671,25
1922.055,-4.49998648316547,3.58043502758471,25
1923.055,-4.50000450681941,3.58024408123371,25
1924.055,-4.49999549499244,3.57986218853171,25
1925.055,-4.50000450681941,3.57967124218071,25
1926.055,-4.49998648316547,3.57928934947871,25
1927.055,-4.50005861748093,3.57909840312771,25
1928.055,-4.50004960565395,3.57871651042572,25
1929.055,-4.50008569266152,3.57852556407472,25
1930.055,-4.50002253047336,3.57814367137272,25
1931.055,-4.49995944768455,3.57795272502172,25
1932.055,-4.50003158200001,3.57757083231972,25
1933.055,-4.49997747133849,3.57718893961772,25
1934.055,-4.50000450681941,3.57680704691573,25
1935.055,-4.50000450681941,3.57661610056473,25
1936.075,-4.49999549499244,3.57623420786273,25
1937.07,-4.50000450681941,3.57604326151173,25
1938.09,-4.49996845951152,3.57585231516073,25
1939.1,-4.49995944768455,3.57547042245873,25
1940.089,-4.50002257017304,3.57527947610773,25
1941.089,-4.49999549499244,3.57508852975673,25
1942.089,-4.49996845951152,3.57451569070374,25
1943.089,-4.49998648316547,3.57432474435274,25
1944.089,-4.49999549499244,3.57394285165074,25
1945.089,-4.50002257017304,3.57375190529974,25
1946.089,-4.50001351864639,3.57337001259774,25
1947.089,-4.49997747133849,3.57317906624674,25
1948.089,-4.49995043585758,3.57279717354474,25
1949.089,-4.49999549499244,3.57260622719374,25
1950.089,-4.49998648316547,3.57222433449175,25
1951.089,-4.50002257017304,3.57203338814075,25
1952.089,-4.49997747133849,3.57165149543875,25
1953.089,-4.49996845951152,3.57126960273675,25
1954.089,-4.50002257017304,3.57088771003475,25
1955.089,-4.50004960565395,3.57069676368375,25
1956.089,-4.50001355834606,3.57050581733275,25
1957.089,-4.49996845951152,3.57012392463076,25
1958.089,-4.5000947044885,3.56993297827976,25
1959.089,-4.50001351864639,3.56974203192876,25
1960.089,-4.50001355834606,3.56936013922676,25
1961.089,-4.50000450681941,3.56897824652476,25
1962.089,-4.49998648316547,3.56859635382276,25
1963.089,-4.49999549499244,3.56840540747176,25
1964.089,-4.50013075179639,3.56802351476977,25
1965.089,-4.50003158200001,3.56764162206777,25
1966.089,-4.50000450681941,3.56745067571677,25
1967.089,-4.50005861748093,3.56725972936577,25
1968.089,-4.50000450681941,3.56706878301477,25
1969.109,-4.49996845951152,3.56668689031277,25
1970.104,-4.49996845951152,3.56649594396177,25
1971.124,-4.50005861748093,3.56611405125977,25
1972.12,-4.49995043585758,3.56573215855778,25
1973.119,-4.50004960565395,3.56554121220678,25
1974.119,-4.49996845951152,3.56515931950478,25
1975.119,-4.49996845951152,3.56477742680278,25
1976.12,-4.49995944768455,3.56458648045178,25
1977.12,-4.49998648316547,3.56420458774978,25
1978.12,-4.50004059382698,3.56401364139878,25
1979.12,-4.50004059382698,3.56382269504778,25
1980.119,-4.49998648316547,3.56344080234579,25
1981.12,-4.50002257017304,3.56305890964379,25
1982.12,-4.50002257017304,3.56286796329279,25
1983.12,-4.50004960565395,3.56267701694179,25
1984.119,-4.50001351864639,3.56210417788879,25
1985.12,-4.49997747133849,3.56191323153779,25
1986.12,-4.50001351864639,3.56172228518679,25
1987.141,-4.50000450681941,3.5613403924848,25
1988.136,-4.49994138433093,3.5609584997828,25
1989.156,-4.49999549499244,3.5607675534318,25
1990.151,-4.49996845951152,3.5605766070808,25
1991.151,-4.50001351864639,3.5601947143788,25
1992.151,-4.49995043585758,3.5600037680278,25
1993.151,-4.50003158200001,3.5596218753258,25
1994.151,-4.49998648316547,3.55923998262381,25
1995.151,-4.49996845951152,3.55904903627281,25
1996.151,-4.50005861748093,3.55866714357081,25
1997.151,-4.50001351864639,3.55828525086881,25
1998.151,-4.49995944768455,3.55809430451781,25
1999.151,-4.50002257017304,3.55790335816681,25
2000.151,-4.50003158200001,3.55771241181581,25
2001.151,-4.49998648316547,3.55733051911381,25
2002.151,-4.49997747133849,3.55713957276281,25
2003.151,-4.49999549499244,3.55675768006082,25
2004.151,-4.49999549499244,3.55637578735882,25
2005.151,-4.49995944768455,3.55618484100782,25
2006.151,-4.50001351864639,3.55580294830582,25
2007.151,-4.49998648316547,3.55542105560382,25
2008.151,-4.50001351864639,3.55523010925282,25
2009.151,-4.50005861748093,3.55484821655083,25
2010.151,-4.50000450681941,3.55465727019983,25
2011.151,-4.5000676293079,3.55446632384883,25
2012.151,-4.50000450681941,3.55408443114683,25
2013.173,-4.50004960565395,3.55389348479583,25
2014.168,-4.49995944768455,3.55351159209383,25
2015.188,-4.49997747133849,3.55312969939183,25
2016.183,-4.49995043585758,3.55274780668983,25
2017.183,-4.50001351864639,3.55255686033884,25
2018.183,-4.49997747133849,3.55217496763684,25
2019.183,-4.49998648316547,3.55198402128584,25
2020.183,-4.50001351864639,3.55179307493484,25
2021.183,-4.50000450681941,3.55160212858384,25
2022.183,-4.49997747133849,3.55122023588184,25
2023.183,-4.49999549499244,3.55083834317984,25
2024.183,-4.50001351864639,3.55064739682884,25
2025.183,-4.50004059382698,3.55045645047785,25
2026.183,-4.49998648316547,3.54988361142485,25
2027.183,-4.50002257017304,3.54969266507385,25
2028.183,-4.49995944768455,3.54931077237185,25
2029.183,-4.50002257017304,3.54911982602085,25
2030.183,-4.50000450681941,3.54892887966985,25
2031.183,-4.49999549499244,3.54873793331885,25
2032.204,-4.50004059382698,3.54835604061685,25
2033.199,-4.50002257017304,3.54797414791486,25
2034.219,-4.49998648316547,3.54778320156386,25
2035.214,-4.49995043585758,3.54740130886186,25
2036.214,-4.50003158200001,3.54701941615986,25
2037.214,-4.49999549499244,3.54682846980886,25
2038.214,-4.49998648316547,3.54663752345786,25
2039.214,-4.50001351864639,3.54625563075586,25
2040.214,-4.49999549499244,3.54587373805387,25
2041.214,-4.49995944768455,3.54568279170287,25
2042.214,-4.50002257017304,3.54549184535187,25
2043.214,-4.49997747133849,3.54510995264987,25
2044.214,-4.49989632519606,3.54491900629887,25
2045.214,-4.49994138433093,3.54453711359687,25
2046.214,-4.50003158200001,3.54434616724587,25
2047.214,-4.49999549499244,3.54377332819288,25
2048.214,-4.4999503961579,3.54377332819288,25
2049.2349,-4.50000450681941,3.54339143549088,25
2050.23,-4.49997747133849,3.54300954278888,25
2051.25,-4.50001355834606,3.54281859643788,25
2052.245,-4.49998648316547,3.54262765008688,25
2053.245,-4.49992336067698,3.54224575738488,25
2054.245,-4.50002257017304,3.54205481103388,25
2055.245,-4.49999549499244,3.54167291833188,25
2056.245,-4.49999549499244,3.54148197198089,25
2057.245,-4.49995043585758,3.54110007927889,25
2058.245,-4.49999549499244,3.54071818657689,25
2059.245,-4.49995043585758,3.54052724022589,25
2060.245,-4.50004059382698,3.54033629387489,25
2061.245,-4.4999503961579,3.53995440117289,25
2062.245,-4.50001355834606,3.53957250847089,25
2063.245,-4.50000450681941,3.53957250847089,25
2064.245,-4.49999549499244,3.5391906157689,25
2065.245,-4.50001355834606,3.5388087230669,25
2066.245,-4.49994138433093,3.5386177767159,25
2067.245,-4.50000450681941,3.5384268303649,25
2068.245,-4.50001351864639,3.5380449376629,25
2069.245,-4.49998648316547,3.5376630449609,25
2070.266,-4.50003158200001,3.5374720986099,25
2071.261,-4.49996845951152,3.53709020590791,25
2072.281,-4.49998648316547,3.53689925955691,25
2073.277,-4.49997747133849,3.53651736685491,25
2074.277,-4.49994138433093,3.53632642050391,25
2075.276,-4.49996845951152,3.53613547415291,25
2076.276,-4.50002257017304,3.53575358145091,25
2077.276,-4.5000676293079,3.53537168874891,25
2078.277,-4.50002257017304,3.53518074239791,25
2079.277,-4.50001351864639,3.53498979604692,25
2080.277,-4.49997747133849,3.53460790334492,25
2081.277,-4.49999549499244,3.53422601064292,25
2082.277,-4.50007664113487,3.53403506429192,25
2083.276,-4.49997747133849,3.53365317158992,25
2084.276,-4.50000450681941,3.53346222523892,25
2085.276,-4.49995043585758,3.53327127888792,25
2086.276,-4.50003158200001,3.53308033253692,25
2087.277,-4.49998648316547,3.53269843983493,25
2088.276,-4.49996845951152,3.53250749348393,25
2089.276,-4.50001355834606,3.53212560078193,25
2090.276,-4.50004059382698,3.53174370807993,25
2091.277,-4.50003158200001,3.53155276172893,25
2092.276,-4.49993237250395,3.53117086902693,25
2093.298,-4.50001351864639,3.53097992267593,25
2094.293,-4.50000450681941,3.53059802997394,25
2095.313,-4.50000450681941,3.53040708362294,25
2096.308,-4.50001351864639,3.53002519092094,25
2097.308,-4.50001351864639,3.52983424456994,25
2098.308,-4.50001355834606,3.52964329821894,25
2099.308,-4.50003158200001,3.52926140551694,25
2100.308,-4.49998648316547,3.52907045916594,25
2101.308,-4.50001351864639,3.52868856646394,25
2102.308,-4.49998648316547,3.52849762011295,25
2103.308,-4.49998648316547,3.52811572741095,25
2104.308,-4.49999549499244,3.52792478105995,25
2105.308,-4.49995043585758,3.52754288835795,25
2106.308,-4.49994138433093,3.52735194200695,25
2107.308,-4.49999549499244,3.52716099565595,25
2108.308,-4.49997747133849,3.52677910295395,25
2109.308,-4.49995043585758,3.52639721025195,25
2110.308,-4.49998648316547,3.52620626390096,25
2111.308,-4.50002257017304,3.52601531754996,25
2112.308,-4.50000450681941,3.52563342484796,25
2113.308,-4.49998648316547,3.52544247849696,25
2114.308,-4.49995944768455,3.52506058579496,25
2115.329,-4.50003158200001,3.52467869309296,25
2116.324,-4.50000450681941,3.52448774674196,25
2117.344,-4.50002257017304,3.52429680039096,25
2118.34,-4.49998648316547,3.52410585403997,25
2119.339,-4.50000450681941,3.52372396133797,25
2120.34,-4.49994138433093,3.52334206863597,25
2121.34,-4.50002253047336,3.52315112228497,25
2122.34,-4.50001355834606,3.52296017593397,25
2123.34,-4.49997747133849,3.52257828323197,25
2124.34,-4.50001351864639,3.52219639052997,25
2125.34,-4.50000450681941,3.52200544417897,25
2126.34,-4.49999549499244,3.52181449782798,25
2127.34,-4.49999549499244,3.52143260512598,25
2128.339,-4.49996845951152,3.52124165877498,25
2129.339,-4.50004059382698,3.52105071242398,25
2130.339,-4.50001351864639,3.52085976607298,25
2131.339,-4.49998648316547,3.52047787337098,25
2132.34,-4.49999549499244,3.52028692701998,25
2133.339,-4.50001351864639,3.51990503431798,25
2134.36,-4.50003158200001,3.51952314161599,25
2135.355,-4.5000676293079,3.51933219526499,25
2136.376,-4.4999414240306,3.51895030256299,25
2137.371,-4.49996845951152,3.51875935621199,25
2138.371,-4.49996845951152,3.51856840986099,25
2139.371,-4.49996845951152,3.51818651715899,25
2140.371,-4.50003158200001,3.51799557080799,25
2141.371,-4.49996845951152,3.51780462445699,25
2142.371,-4.49999549499244,3.51761367810599,25
2143.371,-4.50002257017304,3.517231785404,25
2144.371,-4.50001351864639,3.517040839053,25
2145.371,-4.49996845951152,3.516658946351,25
2146.371,-4.50000450681941,3.516468,25
2147.371,-4.49998648316547,3.516086107298,25
2148.371,-4.50001351864639,3.515895160947,25
2149.371,-4.50001351864639,3.515513268245,25
2150.371,-4.49999549499244,3.51532232189401,25
2151.371,-4.49999549499244,3.51513137554301,25
2152.371,-4.49996845951152,3.51474948284101,25
2153.371,-4.50000450681941,3.51455853649001,25
2154.371,-4.50000450681941,3.51436759013901,25
2155.371,-4.50001351864639,3.51398569743701,25
2156.371,-4.49998648316547,3.51379475108601,25
2157.371,-4.50001351864639,3.51341285838401,25
2158.371,-4.50004059382698,3.51322191203301,25
2159.371,-4.49997747133849,3.51284001933102,25
2160.392,-4.49999549499244,3.51264907298002,25
2161.387,-4.49996845951152,3.51226718027802,25
2162.408,-4.49995944768455,3.51207623392702,25
2163.403,-4.50001355834606,3.51188528757602,25
2164.403,-4.49999549499244,3.51169434122502,25
2165.403,-4.49992336067698,3.51131244852302,25
2166.403,-4.50003158200001,3.51112150217202,25
2167.403,-4.49999549499244,3.51093055582102,25
2168.403,-4.50004059382698,3.51054866311903,25
2169.403,-4.49999549499244,3.51035771676803,25
2170.403,-4.50000450681941,3.50997582406603,25
2171.403,-4.50000450681941,3.50978487771503,25
2172.403,-4.50002257017304,3.50940298501303,25
2173.403,-4.50001355834606,3.50921203866203,25
2174.403,-4.50003158200001,3.50902109231103,25
2175.403,-4.49996845951152,3.50883014596003,25
2176.423,-4.50002257017304,3.50844825325804,25
2177.418,-4.50004059382698,3.50825730690704,25
2178.439,-4.50004059382698,3.50806636055604,25
2179.435,-4.49999549499244,3.50787541420504,25
2180.434,-4.49994138433093,3.50730257515204,25
2181.436,-4.49998648316547,3.50711162880104,25
2182.435,-4.50002257017304,3.50692068245004,25
2183.434,-4.50004059382698,3.50653878974805,25
2184.435,-4.49995043585758,3.50634784339705,25
2185.435,-4.50000450681941,3.50596595069505,25
2186.434,-4.50004059382698,3.50596595069505,25
2187.435,-4.50003158200001,3.50558405799305,25
2188.435,-4.49997747133849,3.50558405799305,25
2189.435,-4.49996845951152,3.50520216529105,25
2190.436,-4.50003158200001,3.50482027258905,25
2191.433,-4.5000676293079,3.50462932623805,25
2192.434,-4.50001351864639,3.50424743353606,25
2193.434,-4.49997747133849,3.50405648718506,25
2194.434,-4.50007664113487,3.50367459448306,25
2195.434,-4.49997747133849,3.50367459448306,25
2196.433,-4.50003158200001,3.50329270178106,25
2197.455,-4.50000450681941,3.50310175543006,25
2198.45,-4.49997747133849,3.50291080907906,25
2199.47,-4.49998648316547,3.50252891637706,25
2200.465,-4.50004960565395,3.50233797002606,25
2201.465,-4.49996845951152,3.50214702367506,25
2202.465,-4.49995944768455,3.50195607732407,25
2203.465,-4.50001351864639,3.50157418462207,25
2204.465,-4.49998648316547,3.50138323827107,25
2205.466,-4.49993237250395,3.50100134556907,25
2206.466,-4.50000450681941,3.50081039921807,25
2207.465,-4.50001351864639,3.50061945286707,25
2208.465,-4.50004960565395,3.50023756016507,25
2209.465,-4.49999549499244,3.50004661381407,25
2210.465,-4.50005861748093,3.49985566746308,25
2211.465,-4.50004960565395,3.49966472111208,25
2212.465,-4.50005861748093,3.49947377476108,25
2213.465,-4.50003158200001,3.49909188205908,25
2214.465,-4.49999549499244,3.49890093570808,25
2215.485,-4.50003158200001,3.49870998935708,25
2216.48,-4.50004960565395,3.49832809665508,25
2217.48,-4.49997747133849,3.49813715030408,25
2218.504,-4.50004059382698,3.49775525760208,25
2219.5,-4.49998648316547,3.49756431125109,25
2220.499,-4.50004059382698,3.49718241854909,25
2221.499,-4.50004059382698,3.49718241854909,25
2222.499,-4.49995944768455,3.49680052584709,25
2223.499,-4.50002257017304,3.49660957949609,25
2224.499,-4.49998648316547,3.49641863314509,25
2225.499,-4.50001351864639,3.49603674044309,25
2226.499,-4.50004960565395,3.49603674044309,25
2227.499,-4.50004059382698,3.49565484774109,25
2228.499,-4.49993237250395,3.4954639013901,25
2229.497,-4.49996845951152,3.4950820086881,25
2230.499,-4.49995944768455,3.4948910623371,25
2231.5,-4.50000450681941,3.4945091696351,25
2232.497,-4.50001351864639,3.4943182232841,25
2233.5,-4.49999549499244,3.4939363305821,25
2234.497,-4.49998648316547,3.4937453842311,25
2235.498,-4.49998648316547,3.4937453842311,25
2236.497,-4.50000450681941,3.4933634915291,25
2237.497,-4.50003158200001,3.49317254517811,25
2238.497,-4.49998648316547,3.49298159882711,25
2239.497,-4.50001351864639,3.49279065247611,25
2240.518,-4.50000450681941,3.49240875977411,25
2241.513,-4.50001351864639,3.49221781342311,25
2242.534,-4.50000450681941,3.49183592072111,25
2243.529,-4.49996845951152,3.49164497437011,25
2244.529,-4.49998648316547,3.49145402801911,25
2245.53,-4.50003158200001,3.49107213531712,25
2246.529,-4.50005861748093,3.49088118896612,25
2247.551,-4.49996845951152,3.49069024261512,25
2248.546,-4.50003158200001,3.49049929626412,25
2249.566,-4.49998648316547,3.49030834991312,25
2250.562,-4.5000676293079,3.49011740356212,25
2251.562,-4.49998648316547,3.48973551086012,25
2252.561,-4.49998648316547,3.48954456450912,25
2253.562,-4.49998648316547,3.48935361815812,25
2254.561,-4.49997747133849,3.48897172545612,25
2255.561,-4.50002257017304,3.48878077910513,25
2256.582,-4.50000450681941,3.48839888640313,25
2257.577,-4.50000450681941,3.48820794005213,25
2258.597,-4.50000450681941,3.48801699370113,25
2259.592,-4.49998648316547,3.48782604735013,25
2260.592,-4.49990533702304,3.48763510099913,25
2261.592,-4.50000450681941,3.48744415464813,25
2262.592,-4.50003158200001,3.48725320829713,25
2263.592,-4.49996845951152,3.48687131559513,25
2264.592,-4.50001351864639,3.48668036924414,25
2265.592,-4.50001351864639,3.48648942289314,25
2266.592,-4.50001351864639,3.48610753019114,25
2267.592,-4.50002257017304,3.48591658384014,25
2268.592,-4.49998648316547,3.48572563748914,25
2269.592,-4.50004059382698,3.48534374478714,25
2270.592,-4.50002257017304,3.48515279843614,25
2271.592,-4.49995944768455,3.48496185208514,25
2272.592,-4.49999549499244,3.48457995938315,25
2273.592,-4.49995944768455,3.48457995938315,25
2274.592,-4.50002257017304,3.48419806668115,25
2275.592,-4.49995944768455,3.48400712033015,25
2276.592,-4.49996845951152,3.48381617397915,25
2277.612,-4.49994138433093,3.48343428127715,25
2278.607,-4.50000450681941,3.48324333492615,25
2279.627,-4.49997747133849,3.48286144222415,25
2280.623,-4.49999549499244,3.48267049587315,25
2281.624,-4.49996845951152,3.48228860317116,25
2282.622,-4.49999549499244,3.48209765682016,25
2283.623,-4.50000450681941,3.48190671046916,25
2284.623,-4.50004059382698,3.48171576411816,25
2285.622,-4.50002257017304,3.48152481776716,25
2286.622,-4.49995944768455,3.48114292506516,25
2287.645,-4.49997747133849,3.48095197871416,25
2288.64,-4.50001351864639,3.48076103236316,25
2289.661,-4.50005861748093,3.48057008601216,25
2290.656,-4.49997747133849,3.48018819331016,25
2291.656,-4.49995944768455,3.48018819331016,25
2292.656,-4.49997747133849,3.47961535425717,25
2293.656,-4.49999549499244,3.47942440790617,25
2294.656,-4.50001351864639,3.47923346155517,25
2295.656,-4.50005861748093,3.47885156885317,25
2296.656,-4.50002257017304,3.47885156885317,25
2297.656,-4.49997747133849,3.47846967615117,25
2298.656,-4.50001351864639,3.47846967615117,25
2299.656,-4.49998648316547,3.47808778344917,25
2300.656,-4.49996845951152,3.47789683709818,25
2301.656,-4.50007664113487,3.47770589074718,25
2302.656,-4.49995043585758,3.47732399804518,25
2303.656,-4.50000450681941,3.47713305169418,25
2304.656,-4.50000450681941,3.47675115899218,25
2305.656,-4.50002257017304,3.47656021264118,25
2306.656,-4.50004059382698,3.47636926629018,25
2307.656,-4.50002257017304,3.47617831993918,25
2308.656,-4.50001351864639,3.47579642723719,25
2309.656,-4.49998648316547,3.47560548088619,25
2310.656,-4.50003158200001,3.47541453453519,25
2311.656,-4.49999549499244,3.47522358818419,25
2312.656,-4.50004960565395,3.47503264183319,25
2313.656,-4.49995944768455,3.47465074913119,25
2314.656,-4.50003158200001,3.47445980278019,25
2315.656,-4.50002257017304,3.47426885642919,25
2316.656,-4.5000676293079,3.47388696372719,25
2317.656,-4.49998648316547,3.4735050710252,25
2318.656,-4.50004059382698,3.4735050710252,25
2319.656,-4.50003158200001,3.4731231783232,25
2320.656,-4.49995944768455,3.4729322319722,25
2321.656,-4.50005861748093,3.4727412856212,25
2322.656,-4.49996845951152,3.4725503392702,25
2323.656,-4.50004059382698,3.4723593929192,25
2324.656,-4.50007664113487,3.4721684465682,25
2325.676,-4.50003158200001,3.4717865538662,25
2326.671,-4.50004960565395,3.4715956075152,25
2327.691,-4.50000450681941,3.47121371481321,25
2328.686,-4.50002257017304,3.47102276846221,25
2329.686,-4.50007664113487,3.47083182211121,25
2330.687,-4.49999549499244,3.47044992940921,25
2331.686,-4.50005861748093,3.47044992940921,25
2332.687,-4.50007668083455,3.47006803670721,25
2333.686,-4.50001351864639,3.46987709035621,25
2334.686,-4.49994138433093,3.46949519765421,25
2335.687,-4.49998648316547,3.46930425130321,25
2336.686,-4.50001351864639,3.46911330495222,25
2337.686,-4.49998648316547,3.46892235860122,25
2338.687,-4.50003158200001,3.46854046589922,25
2339.686,-4.49997747133849,3.46834951954822,25
2340.707,-4.49999549499244,3.46815857319722,25
2341.702,-4.50002257017304,3.46777668049522,25
2342.722,-4.49997747133849,3.46758573414422,25
2343.717,-4.49998648316547,3.46739478779322,25
2344.718,-4.50004059382698,3.46701289509122,25
2345.718,-4.50004059382698,3.46682194874023,25
2346.717,-4.50003158200001,3.46663100238923,25
2347.718,-4.50000450681941,3.46644005603823,25
2348.718,-4.50004059382698,3.46605816333623,25
2349.717,-4.50005861748093,3.46586721698523,25
2350.717,-4.50000450681941,3.46567627063423,25
2351.718,-4.50003158200001,3.46548532428323,25
2352.717,-4.49996845951152,3.46510343158123,25
2353.717,-4.49998648316547,3.46491248523023,25
2354.717,-4.50003158200001,3.46472153887924,25
2355.717,-4.50001355834606,3.46433964617724,25
2356.717,-4.5000676293079,3.46395775347524,25
2357.717,-4.50003158200001,3.46376680712424,25
2358.718,-4.49996845951152,3.46357586077324,25
2359.718,-4.50001355834606,3.46319396807124,25
2360.717,-4.50001351864639,3.46319396807124,25
2361.718,-4.49999549499244,3.46281207536924,25
2362.717,-4.50002257017304,3.46262112901824,25
2363.717,-4.50002257017304,3.46243018266725,25
2364.738,-4.50001351864639,3.46223923631625,25
2365.733,-4.49997747133849,3.46185734361425,25
2366.753,-4.50001351864639,3.46147545091225,25
2367.748,-4.5000676293079,3.46128450456125,25
2368.748,-4.49996845951152,3.46109355821025,25
2369.748,-4.49996845951152,3.46071166550825,25
2370.748,-4.49999549499244,3.46052071915725,25
2371.748,-4.50001355834606,3.46032977280626,25
2372.748,-4.49996845951152,3.45994788010426,25
2373.748,-4.50000450681941,3.45994788010426,25
2374.748,-4.49992336067698,3.45975693375326,25
2375.748,-4.50001355834606,3.45956598740226,25
2376.748,-4.50000450681941,3.45918409470026,25
2377.748,-4.49998648316547,3.45899314834926,25
2378.748,-4.49998648316547,3.45861125564726,25
2379.748,-4.50000450681941,3.45842030929626,25
2380.769,-4.49995944768455,3.45803841659427,25
2381.765,-4.49996845951152,3.45784747024327,25
2382.785,-4.49997747133849,3.45746557754127,25
2383.78,-4.50004960565395,3.45746557754127,25
2384.78,-4.49995944768455,3.45708368483927,25
2385.78,-4.49999549499244,3.45689273848827,25
2386.78,-4.49997747133849,3.45670179213727,25
2387.78,-4.50004960565395,3.45651084578627,25
2388.78,-4.49994138433093,3.45612895308427,25
2389.78,-4.49998648316547,3.45593800673328,25
2390.78,-4.49999549499244,3.45574706038228,25
2391.78,-4.50004059382698,3.45536516768028,25
2392.78,-4.50005861748093,3.45498327497828,25
2393.78,-4.50007664113487,3.45498327497828,25
2394.78,-4.50005861748093,3.45460138227628,25
2395.78,-4.49999549499244,3.45421948957428,25
2396.78,-4.49995944768455,3.45402854322328,25
2397.78,-4.50000450681941,3.45383759687228,25
2398.78,-4.4999503961579,3.45364665052129,25
2399.78,-4.49999549499244,3.45345570417029,25
2400.78,-4.49997747133849,3.45326475781929,25
2401.78,-4.49997747133849,3.45288286511729,25
2402.8,-4.49997747133849,3.45269191876629,25
2403.796,-4.50004059382698,3.45231002606429,25
2404.816,-4.49999549499244,3.45211907971329,25
2405.811,-4.49999549499244,3.45192813336229,25
2406.811,-4.50003158200001,3.4515462406603,25
2407.811,-4.50003158200001,3.4513552943093,25
2408.811,-4.50007664113487,3.4509734016073,25
2409.811,-4.50002257017304,3.4509734016073,25
2410.811,-4.50000450681941,3.4505915089053,25
2411.811,-4.50001351864639,3.4504005625543,25
2412.811,-4.49996845951152,3.4502096162033,25
2413.811,-4.49996845951152,3.4498277235013,25
2414.811,-4.49998648316547,3.4496367771503,25
2415.812,-4.50004059382698,3.44925488444831,25
2416.811,-4.49996845951152,3.44887299174631,25
2417.811,-4.49995944768455,3.44868204539531,25
2418.812,-4.49998648316547,3.44849109904431,25
2419.811,-4.50000450681941,3.44830015269331,25
2420.811,-4.49996845951152,3.44791825999131,25
2421.811,-4.50002257017304,3.44791825999131,25
2422.811,-4.50011272814244,3.44753636728931,25
2423.811,-4.49995043585758,3.44734542093831,25
2424.832,-4.49999549499244,3.44715447458732,25
2425.827,-4.49998648316547,3.44677258188532,25
2426.847,-4.50001351864639,3.44658163553432,25
2427.842,-4.50001355834606,3.44619974283232,25
2428.842,-4.50007668083455,3.44600879648132,25
2429.842,-4.50002257017304,3.44562690377932,25
2430.842,-4.50000450681941,3.44543595742832,25
2431.842,-4.49995043585758,3.44505406472632,25
2432.842,-4.49998648316547,3.44486311837533,25
2433.842,-4.49996845951152,3.44467217202433,25
2434.842,-4.50003158200001,3.44448122567333,25
2435.842,-4.49996845951152,3.44429027932233,25
2436.842,-4.49998648316547,3.44390838662033,25
2437.842,-4.50001355834606,3.44371744026933,25
2438.842,-4.50001355834606,3.44352649391833,25
2439.842,-4.49998648316547,3.44314460121633,25
2440.842,-4.50001351864639,3.44276270851434,25
2441.842,-4.50002257017304,3.44257176216334,25
2442.863,-4.49995043585758,3.44218986946134,25
2443.858,-4.50001351864639,3.44199892311034,25
2444.879,-4.49996845951152,3.44180797675934,25
2445.874,-4.49998648316547,3.44161703040834,25
2446.874,-4.49999549499244,3.44142608405734,25
2447.874,-4.4999414240306,3.44104419135534,25
2448.874,-4.49995944768455,3.44085324500434,25
2449.874,-4.50001351864639,3.44066229865334,25
2450.874,-4.50004059382698,3.44028040595135,25
2451.874,-4.49995944768455,3.43989851324935,25
2452.874,-4.49995944768455,3.43970756689835,25
2453.874,-4.49998648316547,3.43951662054735,25
2454.874,-4.49998648316547,3.43913472784535,25
2455.874,-4.50004059382698,3.43894378149435,25
2456.874,-4.49999549499244,3.43856188879235,25
2457.874,-4.50001355834606,3.43856188879235,25
2458.874,-4.50003158200001,3.43837094244136,25
2459.874,-4.49996845951152,3.43798904973936,25
2460.874,-4.50001351864639,3.43760715703736,25
2461.874,-4.50000450681941,3.43722526433536,25
2462.874,-4.49998648316547,3.43703431798436,25
2463.874,-4.49997747133849,3.43684337163336,25
2464.874,-4.50001355834606,3.43646147893136,25
2465.895,-4.50004960565395,3.43627053258036,25
2466.89,-4.49997747133849,3.43588863987837,25
2467.91,-4.50004960565395,3.43569769352737,25
2468.905,-4.50003158200001,3.43550674717637,25
2469.906,-4.50001351864639,3.43531580082537,25
2470.905,-4.49997747133849,3.43493390812337,25
2471.905,-4.49997747133849,3.43474296177237,25
2472.905,-4.49997747133849,3.43455201542137,25
2473.905,-4.50004059382698,3.43397917636837,25
2474.905,-4.49995043585758,3.43378823001738,25
2475.905,-4.50002257017304,3.43340633731538,25
2476.906,-4.49997747133849,3.43321539096438,25
2477.905,-4.49997747133849,3.43283349826238,25
2478.905,-4.49995043585758,3.43264255191138,25
2479.906,-4.50007664113487,3.43245160556038,25
2480.905,-4.49996845951152,3.43206971285838,25
2481.906,-4.50007664113487,3.43187876650738,25
2482.905,-4.49999549499244,3.43149687380539,25
2483.905,-4.50002257017304,3.43130592745439,25
2484.905,-4.50002257017304,3.43092403475239,25
2485.905,-4.49990533702304,3.43073308840139,25
2486.905,-4.49997747133849,3.43035119569939,25
2487.905,-4.50000450681941,3.42996930299739,25
2488.906,-4.50000450681941,3.42977835664639,25
2489.926,-4.50000450681941,3.4295874102954,25
2490.921,-4.50002257017304,3.4292055175934,25
2491.942,-4.50002257017304,3.4290145712424,25
2492.937,-4.49999549499244,3.4286326785404,25
2493.937,-4.49996845951152,3.4284417321894,25
2494.937,-4.50012173996941,3.4280598394874,25
2495.937,-4.50000450681941,3.4278688931364,25
2496.937,-4.49995944768455,3.4274870004344,25
2497.937,-4.50004960565395,3.42729605408341,25
2498.937,-4.50001351864639,3.42691416138141,25
2499.937,-4.49992336067698,3.42653226867941,25
2500.937,-4.50004960565395,3.42634132232841,25
2501.937,-4.49999549499244,3.42615037597741,25
2502.937,-4.49995944768455,3.42576848327541,25
2503.937,-4.50004960565395,3.42557753692441,25
2504.937,-4.49995043585758,3.42500469787142,25
2505.937,-4.50002257017304,3.42500469787142,25
2506.937,-4.50002257017304,3.42443185881842,25
2507.937,-4.50001351864639,3.42424091246742,25
2508.937,-4.50001355834606,3.42404996611642,25
2509.937,-4.50004960565395,3.42366807341442,25
2510.958,-4.50004059382698,3.42328618071242,25
2511.953,-4.50000450681941,3.42309523436142,25
2512.973,-4.49998648316547,3.42271334165943,25
2513.968,-4.49995944768455,3.42252239530843,25
2514.968,-4.50000450681941,3.42214050260643,25
2515.968,-4.49995944768455,3.42175860990443,25
2516.968,-4.49996845951152,3.42137671720243,25
2517.968,-4.49993237250395,3.42118577085143,25
2518.968,-4.50007664113487,3.42080387814944,25
2519.968,-4.49996845951152,3.42042198544744,25
2520.968,-4.49996845951152,3.42023103909644,25
2521.968,-4.49998648316547,3.42004009274544,25
2522.968,-4.49997747133849,3.41965820004344,25
2523.968,-4.50000450681941,3.41927630734144,25
2524.968,-4.50001355834606,3.41889441463944,25
2525.968,-4.50003158200001,3.41870346828844,25
2526.968,-4.50003158200001,3.41832157558645,25
2527.968,-4.50001355834606,3.41793968288445,25
2528.989,-4.50001351864639,3.41755779018245,25
2529.984,-4.49998648316547,3.41736684383145,25
2531.004,-4.50001355834606,3.41698495112945,25
2531.999,-4.50003158200001,3.41679400477845,25
2532.999,-4.50001355834606,3.41641211207646,25
2533.999,-4.49998648316547,3.41603021937446,25
2534.999,-4.50004059382698,3.41564832667246,25
2535.999,-4.50000450681941,3.41526643397046,25
2536.999,-4.50004059382698,3.41488454126846,25
2537.999,-4.49998648316547,3.41450264856646,25
2538.999,-4.50001355834606,3.41431170221546,25
2539.999,-4.50011272814244,3.41412075586447,25
2540.999,-4.49999549499244,3.41373886316247,25
2541.999,-4.49996845951152,3.41335697046047,25
2542.999,-4.50000450681941,3.41297507775847,25
2543.999,-4.49994138433093,3.41259318505647,25
2544.999,-4.50004059382698,3.41202034600348,25
2545.999,-4.5000676293079,3.41182939965248,25
2546.999,-4.49996845951152,3.41144750695048,25
2547.999,-4.50000450681941,3.41106561424848,25
2549.021,-4.50004059382698,3.41087466789748,25
2550.016,-4.50005861748093,3.41049277519548,25
2551.037,-4.49998648316547,3.41011088249348,25
2552.032,-4.49999549499244,3.40953804344049,25
2553.032,-4.49997747133849,3.40934709708949,25
2554.032,-4.50002257017304,3.40877425803649,25
2555.032,-4.49995944768455,3.40839236533449,25
2556.032,-4.50002257017304,3.40820141898349,25
2557.032,-4.49997747133849,3.40781952628149,25
2558.032,-4.50000450681941,3.4074376335795,25
2559.032,-4.50001351864639,3.4070557408775,25
2560.032,-4.50000450681941,3.4068647945265,25
2561.032,-4.50005861748093,3.4062919554735,25
2562.032,-4.49995944768455,3.4059100627715,25
2563.032,-4.50001351864639,3.4055281700695,25
2564.032,-4.49998648316547,3.40514627736751,25
2565.032,-4.5000947044885,3.40495533101651,25
2566.032,-4.49997747133849,3.40438249196351,25
2567.032,-4.49994138433093,3.40419154561251,25
2568.032,-4.50003158200001,3.40380965291051,25
2569.032,-4.49998648316547,3.40304586750652,25
2570.032,-4.50004960565395,3.40285492115552,25
2571.053,-4.5000676293079,3.40247302845352,25
2572.048,-4.50000450681941,3.40209113575152,25
2573.069,-4.49998648316547,3.40170924304952,25
2574.064,-4.50008569266152,3.40132735034752,25
2575.064,-4.50005861748093,3.40094545764553,25
2576.064,-4.49997747133849,3.40056356494353,25
2577.064,-4.50002257017304,3.40018167224153,25
2578.064,-4.50003158200001,3.39979977953953,25
2579.064,-4.49998648316547,3.39922694048653,25
2580.064,-4.49998648316547,3.39884504778454,25
2581.064,-4.49997747133849,3.39865410143354,25
2582.064,-4.50001351864639,3.39808126238054,25
2583.064,-4.50004960565395,3.39789031602954,25
2584.064,-4.49994138433093,3.39712653062554,25
2585.064,-4.49997747133849,3.39674463792354,25
2586.064,-4.50003158200001,3.39636274522155,25
2587.064,-4.49998648316547,3.39598085251955,25
2588.064,-4.49997747133849,3.39578990616855,25
2589.064,-4.49998648316547,3.39540801346655,25
2590.064,-4.50001351864639,3.39502612076455,25
2591.064,-4.50002257017304,3.39445328171155,25
2592.064,-4.49997747133849,3.39407138900956,25
2593.064,-4.49996845951152,3.39349854995656,25
2594.084,-4.5000676293079,3.39330760360556,25
2595.079,-4.50003158200001,3.39292571090356,25
2596.099,-4.49999549499244,3.39254381820156,25
2597.095,-4.50000450681941,3.39216192549957,25
2598.095,-4.49999549499244,3.39158908644657,25
2599.094,-4.49996845951152,3.39120719374457,25
2600.094,-4.49997747133849,3.39063435469157,25
2601.083,-4.49999549499244,3.39025246198957,25
2602.083,-4.50002257017304,3.38987056928758,25
2603.093,-4.50002257017304,3.38967962293658,25
2604.088,-4.49997747133849,3.38929773023458,25
2605.088,-4.49999549499244,3.38872489118158,25
2606.097,-4.50002257017304,3.38834299847958,25
2607.093,-4.5000676293079,3.38796110577758,25
2608.092,-4.49996845951152,3.38738826672459,25
2609.093,-4.50002257017304,3.38700637402259,25
2610.093,-4.49997747133849,3.38662448132059,25
2611.092,-4.49995944768455,3.38624258861859,25
2612.093,-4.49999549499244,3.38586069591659,25
2613.092,-4.5000676293079,3.3854788032146,25
2614.092,-4.50004059382698,3.3849059641616,25
2615.093,-4.50001351864639,3.3843331251086,25
2616.092,-4.50002257017304,3.3839512324066,25
2617.092,-4.49999549499244,3.3837602860556,25
2618.093,-4.50002257017304,3.38337839335361,25
2619.092,-4.50002257017304,3.38280555430061,25
2620.092,-4.50004059382698,3.38242366159861,25
2621.092,-4.49998648316547,3.38185082254561,25
2622.093,-4.49995944768455,3.38146892984361,25
2623.093,-4.49999549499244,3.38108703714162,25
2624.092,-4.50004059382698,3.38070514443962,25
2625.092,-4.49992336067698,3.38032325173762,25
2626.092,-4.49991434885001,3.37994135903562,25
2627.092,-4.49999549499244,3.37936851998262,25
2628.092,-4.50003158200001,3.37898662728063,25
2629.092,-4.50001351864639,3.37860473457863,25
2630.092,-4.49997747133849,3.37822284187663,25
2631.092,-4.49994138433093,3.37765000282363,25
2632.103,-4.49996845951152,3.37745905647263,25
2633.103,-4.50000450681941,3.37707716377063,25
2634.103,-4.50004059382698,3.37669527106864,25
2635.104,-4.49995043585758,3.37612243201564,25
2636.103,-4.49998648316547,3.37574053931364,25
2637.103,-4.50004059382698,3.37516770026064,25
2638.104,-4.50000450681941,3.37478580755864,25
2639.103,-4.49994138433093,3.37440391485665,25
2640.103,-4.49997747133849,3.37402202215465,25
2641.103,-4.50001351864639,3.37364012945265,25
2642.104,-4.50004960565395,3.37325823675065,25
2643.104,-4.49999549499244,3.37268539769765,25
2644.104,-4.49998648316547,3.37211255864466,25
2645.104,-4.50001355834606,3.37173066594266,25
2646.103,-4.50004960565395,3.37153971959166,25
2647.104,-4.49996845951152,3.37096688053866,25
2648.104,-4.50000450681941,3.37077593418766,25
2649.104,-4.49999549499244,3.37020309513467,25
2650.103,-4.50003158200001,3.36963025608167,25
2651.103,-4.49997747133849,3.36924836337967,25
2652.103,-4.49997747133849,3.36886647067767,25
2653.104,-4.50003158200001,3.36848457797567,25
2654.104,-4.49995944768455,3.36810268527368,25
2655.103,-4.49992336067698,3.36752984622068,25
2656.104,-4.49998648316547,3.36695700716768,25
2657.103,-4.50002257017304,3.36657511446568,25
2658.103,-4.49995944768455,3.36619322176368,25
2659.104,-4.49999549499244,3.36581132906169,25
2660.104,-4.50000450681941,3.36542943635969,25
2661.103,-4.50001351864639,3.36504754365769,25
2662.104,-4.50001351864639,3.36447470460469,25
2663.103,-4.50004059382698,3.36409281190269,25
2664.103,-4.5000676293079,3.3635199728497,25
2665.104,-4.49992336067698,3.3631380801477,25
2666.103,-4.50001351864639,3.3625652410947,25
2667.103,-4.50000450681941,3.3621833483927,25
2668.103,-4.49997747133849,3.3619924020417,25
2669.124,-4.49999549499244,3.36141956298871,25
2670.132,-4.5000947044885,3.36084672393571,25
2671.148,-4.50003158200001,3.36027388488271,25
2672.111,-4.50004960565395,3.35989199218071,25
2673.11,-4.49995944768455,3.35951009947871,25
2674.11,-4.50001351864639,3.35893726042572,25
2675.11,-4.49994138433093,3.35855536772372,25
2676.11,-4.49996845951152,3.35817347502172,25
2677.11,-4.50001351864639,3.35760063596872,25
2678.11,-4.49997747133849,3.35721874326672,25
2679.119,-4.49998648316547,3.35664590421373,25
2680.123,-4.50001355834606,3.35626401151173,25
2681.129,-4.49991434885001,3.35588211880973,25
2682.129,-4.49995944768455,3.35550022610773,25
2683.15,-4.50005861748093,3.35492738705473,25
2684.145,-4.50002257017304,3.35435454800174,25
2685.152,-4.50000450681941,3.35397265529974,25
2686.147,-4.50001351864639,3.35359076259774,25
2687.147,-4.49999549499244,3.35320886989574,25
2688.147,-4.49998648316547,3.35263603084275,25
2689.147,-4.50000450681941,3.35225413814075,25
2690.147,-4.50000450681941,3.35168129908775,25
2691.148,-4.5000676293079,3.35110846003475,25
2692.148,-4.49995944768455,3.35072656733275,25
2693.148,-4.49995043585758,3.35034467463076,25
2694.147,-4.49995043585758,3.34977183557776,25
2695.147,-4.50005861748093,3.34938994287576,25
2696.147,-4.49999549499244,3.34900805017376,25
2697.147,-4.5000947044885,3.34843521112076,25
2698.147,-4.49999549499244,3.34786237206777,25
2699.147,-4.50000450681941,3.34728953301477,25
2700.147,-4.49998648316547,3.34690764031277,25
2701.148,-4.50004059382698,3.34652574761077,25
2702.147,-4.50003158200001,3.34595290855778,25
2703.148,-4.50005861748093,3.34557101585578,25
2704.147,-4.50002257017304,3.34480723045178,25
2705.148,-4.49997747133849,3.34442533774978,25
2706.148,-4.50005861748093,3.34404344504778,25
2707.147,-4.49999549499244,3.34366155234579,25
2708.147,-4.50004960565395,3.34308871329279,25
2709.148,-4.50003158200001,3.34251587423979,25
2710.147,-4.49994138433093,3.34194303518679,25
2711.148,-4.49997747133849,3.3413701961338,25
2712.147,-4.49997747133849,3.3409883034318,25
2713.147,-4.50000454651909,3.3406064107298,25
2714.148,-4.50001355834606,3.3402245180278,25
2715.147,-4.50001355834606,3.3398426253258,25
2716.148,-4.49999549499244,3.33907883992181,25
2717.148,-4.49996845951152,3.33850600086881,25
2718.148,-4.50001355834606,3.33812410816681,25
2719.148,-4.50003158200001,3.33774221546481,25
2720.147,-4.49995043585758,3.33716937641182,25
2721.147,-4.50001351864639,3.33659653735882,25
2722.148,-4.49995944768455,3.33602369830582,25
2723.148,-4.50003158200001,3.33545085925282,25
2724.148,-4.49995043585758,3.33487802019983,25
2725.147,-4.50004059382698,3.33449612749783,25
2726.148,-4.49992336067698,3.33411423479583,25
2727.148,-4.50004059382698,3.33354139574283,25
2728.148,-4.49999549499244,3.33296855668983,25
2729.148,-4.50012173996941,3.33258666398784,25
2730.148,-4.49997747133849,3.33182287858384,25
2731.148,-4.49998648316547,3.33163193223284,25
2732.148,-4.49997747133849,3.33105909317984,25
2733.147,-4.49998648316547,3.33048625412685,25
2734.148,-4.50005861748093,3.32991341507385,25
2735.147,-4.49997747133849,3.32934057602085,25
2736.148,-4.49999549499244,3.32876773696785,25
2737.147,-4.50000450681941,3.32838584426586,25
2738.148,-4.49997747133849,3.32781300521286,25
2739.148,-4.50001351864639,3.32724016615986,25
2740.147,-4.49997747133849,3.32666732710686,25
2741.147,-4.49998648316547,3.32628543440487,25
2742.168,-4.49995944768455,3.32571259535187,25
2743.163,-4.5000676293079,3.32533070264987,25
2744.183,-4.49990533702304,3.32475786359687,25
2745.178,-4.5000676293079,3.32418502454387,25
2746.178,-4.49995043585758,3.32361218549088,25
2747.178,-4.50005861748093,3.32323029278888,25
2748.179,-4.50005861748093,3.32265745373588,25
2749.179,-4.49999549499244,3.32227556103388,25
2750.178,-4.49998648316547,3.32170272198089,25
2751.179,-4.50002257017304,3.32112988292789,25
2752.179,-4.50000450681941,3.32055704387489,25
2753.178,-4.50004960565395,3.31998420482189,25
2754.178,-4.50002257017304,3.3196023121199,25
2755.178,-4.50003158200001,3.3190294730669,25
2756.179,-4.50000450681941,3.3184566340139,25
2757.178,-4.50002257017304,3.3178837949609,25
2758.179,-4.50001351864639,3.31731095590791,25
2759.179,-4.50002257017304,3.31673811685491,25
2760.178,-4.50003158200001,3.31635622415291,25
2761.178,-4.49995043585758,3.31578338509991,25
2762.178,-4.49999549499244,3.31521054604692,25
2763.199,-4.50003158200001,3.31463770699392,25
2764.194,-4.49997747133849,3.31406486794092,25
2765.214,-4.50004059382698,3.31349202888792,25
2766.209,-4.49999549499244,3.31311013618593,25
2767.209,-4.50001351864639,3.31253729713293,25
2768.209,-4.49995043585758,3.31177351172893,25
2769.21,-4.49997747133849,3.31120067267593,25
2770.209,-4.50003158200001,3.31081877997394,25
2771.209,-4.49994138433093,3.31024594092094,25
2772.21,-4.49997747133849,3.30967310186794,25
2773.209,-4.50003158200001,3.30910026281494,25
2774.209,-4.50000450681941,3.30833647741095,25
2775.209,-4.49997747133849,3.30776363835795,25
2776.209,-4.49995944768455,3.30738174565595,25
2777.209,-4.50003158200001,3.30699985295395,25
2778.209,-4.5000676293079,3.30642701390096,25
2779.209,-4.49999549499244,3.30566322849696,25
2780.209,-4.50002257017304,3.30489944309296,25
2781.21,-4.49998648316547,3.30451755039096,25
2782.21,-4.50000450681941,3.30413565768897,25
2783.209,-4.50003158200001,3.30337187228497,25
2784.229,-4.50004059382698,3.30279903323197,25
2785.224,-4.49997747133849,3.30222619417897,25
2786.245,-4.49993237250395,3.30165335512598,25
2787.24,-4.5000947044885,3.30127146242398,25
2788.241,-4.49996845951152,3.30050767701998,25
2789.24,-4.50002257017304,3.29993483796699,25
2790.24,-4.49997747133849,3.29936199891399,25
2791.24,-4.50003158200001,3.29878915986099,25
2792.241,-4.50001351864639,3.29821632080799,25
2793.24,-4.49999549499244,3.297643481755,25
2794.24,-4.49996845951152,3.297261589053,25
2795.24,-4.50003158200001,3.296497803649,25
2796.24,-4.49995944768455,3.295734018245,25
2797.24,-4.49998648316547,3.29516117919201,25
2798.24,-4.49997747133849,3.29477928649001,25
2799.26,-4.49997747133849,3.29420644743701,25
2800.255,-4.50000450681941,3.29344266203301,25
2801.276,-4.50003158200001,3.29286982298002,25
2802.272,-4.49997747133849,3.29229698392702,25
2803.271,-4.50004059382698,3.29191509122502,25
2804.271,-4.50004960565395,3.29115130582103,25
2805.271,-4.50003158200001,3.29076941311903,25
2806.271,-4.49995043585758,3.29000562771503,25
2807.271,-4.50000450681941,3.28943278866203,25
2808.272,-4.50000450681941,3.28905089596003,25
2809.271,-4.49997747133849,3.28828711055604,25
2810.272,-4.49992336067698,3.28771427150304,25
2811.272,-4.50004059382698,3.28695048609904,25
2812.271,-4.49998648316547,3.28637764704605,25
2813.272,-4.49995944768455,3.28580480799305,25
2814.271,-4.49997747133849,3.28523196894005,25
2815.272,-4.49999549499244,3.28465912988705,25
2816.271,-4.49998648316547,3.28389534448306,25
2817.271,-4.49999549499244,3.28332250543006,25
2818.272,-4.50001351864639,3.28274966637706,25
2819.272,-4.49995944768455,3.28217682732407,25
2820.271,-4.50005861748093,3.28160398827107,25
2821.271,-4.50003158200001,3.28103114921807,25
2822.272,-4.49996845951152,3.28026736381407,25
2823.292,-4.49992336067698,3.27988547111208,25
2824.287,-4.49999549499244,3.27931263205908,25
2825.309,-4.49999549499244,3.27854884665508,25
2826.304,-4.50005861748093,3.27797600760208,25
2827.304,-4.50004960565395,3.27740316854909,25
2828.304,-4.49998648316547,3.27683032949609,25
2829.304,-4.49998648316547,3.27625749044309,25
2830.304,-4.49993237250395,3.2754937050391,25
2831.304,-4.49995043585758,3.2749208659861,25
2832.304,-4.49995944768455,3.2743480269331,25
2833.304,-4.49999549499244,3.2737751878801,25
2834.304,-4.49998648316547,3.27320234882711,25
2835.315,-4.50000450681941,3.27243856342311,25
2836.305,-4.49999549499244,3.27186572437011,25
2837.305,-4.49998648316547,3.27129288531712,25
2838.305,-4.49995944768455,3.27072004626412,25
2839.305,-4.50003158200001,3.27014720721112,25
2840.305,-4.50005861748093,3.26957436815812,25
2841.305,-4.49998648316547,3.26881058275413,25
2842.305,-4.49997747133849,3.26804679735013,25
2843.305,-4.49995043585758,3.26766490464813,25
2844.305,-4.49996845951152,3.26690111924414,25
2845.305,-4.49998648316547,3.26651922654214,25
2846.305,-4.50001355834606,3.26575544113814,25
2847.305,-4.50001355834606,3.26499165573414,25
2848.305,-4.50002257017304,3.26460976303215,25
2849.305,-4.49998648316547,3.26403692397915,25
2850.305,-4.49997747133849,3.26327313857515,25
2851.325,-4.49999549499244,3.26250935317116,25
2852.32,-4.50004960565395,3.26193651411816,25
2853.32,-4.49999549499244,3.26136367506516,25
2854.32,-4.50000450681941,3.26079083601216,25
2855.32,-4.49995944768455,3.26002705060817,25
2856.32,-4.50003158200001,3.25945421155517,25
2857.32,-4.49998648316547,3.25888137250217,25
2858.32,-4.49999549499244,3.25830853344917,25
2859.32,-4.5000676293079,3.25773569439618,25
2860.321,-4.50001351864639,3.25697190899218,25
2861.32,-4.50003158200001,3.25639906993918,25
2862.32,-4.49995944768455,3.25563528453519,25
2863.32,-4.49998648316547,3.25506244548219,25
2864.32,-4.49997747133849,3.25448960642919,25
2865.32,-4.49994138433093,3.2537258210252,25
2866.32,-4.49994138433093,3.2529620356212,25
2867.32,-4.49994138433093,3.2523891965682,25
2868.32,-4.50002257017304,3.2520073038662,25
2869.335,-4.50003158200001,3.25143446481321,25
2870.314,-4.50003158200001,3.25067067940921,25
2871.321,-4.50004059382698,3.24990689400521,25
2872.317,-4.49999549499244,3.24933405495222,25
2873.323,-4.50000450681941,3.24895216225022,25
2874.33,-4.49994138433093,3.24837932319722,25
2875.35,-4.49998648316547,3.24761553779322,25
2876.345,-4.49995944768455,3.24685175238923,25
2877.345,-4.49997747133849,3.24627891333623,25
2878.345,-4.50001351864639,3.24589702063423,25
2879.345,-4.49998648316547,3.24513323523023,25
2880.346,-4.49998648316547,3.24436944982624,25
2881.345,-4.49997747133849,3.24379661077324,25
2882.367,-4.49998648316547,3.24322377172024,25
2883.362,-4.50007664113487,3.24265093266725,25
2884.382,-4.49996845951152,3.24207809361425,25
2885.377,-4.50003158200001,3.24131430821025,25
2886.377,-4.49999549499244,3.24074146915725,25
2887.377,-4.50001355834606,3.24016863010426,25
2888.377,-4.49999549499244,3.23959579105126,25
2889.378,-4.49997747133849,3.23883200564726,25
2890.378,-4.50001351864639,3.23825916659427,25
2891.377,-4.50000450681941,3.23749538119027,25
2892.378,-4.49998648316547,3.23692254213727,25
2893.378,-4.50004059382698,3.23634970308427,25
2894.377,-4.49994138433093,3.23577686403128,25
2895.378,-4.49999549499244,3.23501307862728,25
2896.378,-4.50004960565395,3.23444023957428,25
2897.377,-4.49997747133849,3.23405834687228,25
2898.377,-4.50000450681941,3.23329456146829,25
2899.377,-4.50002257017304,3.23253077606429,25
2900.378,-4.49995944768455,3.2317669906603,25
2901.377,-4.5000676293079,3.2313850979583,25
2902.377,-4.50001355834606,3.2308122589053,25
2903.377,-4.50003158200001,3.2302394198523,25
2904.377,-4.50001351864639,3.22947563444831,25
2905.377,-4.49995944768455,3.22890279539531,25
2906.377,-4.49999549499244,3.22813900999131,25
2907.377,-4.49998648316547,3.22775711728931,25
2908.378,-4.49998648316547,3.22699333188532,25
2909.377,-4.50001355834606,3.22642049283232,25
2910.377,-4.49998648316547,3.22584765377932,25
2911.377,-4.5000947044885,3.22527481472632,25
2912.378,-4.49995944768455,3.22470197567333,25
2913.378,-4.50001351864639,3.22393819026933,25
2914.377,-4.49997747133849,3.22336535121633,25
2915.378,-4.50001351864639,3.22260156581234,25
2916.378,-4.50003158200001,3.22202872675934,25
2917.377,-4.49992336067698,3.22145588770634,25
2918.398,-4.50004960565395,3.22107399500434,25
2919.394,-4.49999549499244,3.22031020960035,25
2920.414,-4.50002257017304,3.21954642419635,25
2921.41,-4.49994138433093,3.21897358514335,25
2922.41,-4.50004059382698,3.21859169244136,25
2923.425,-4.50005861748093,3.21782790703736,25
2924.43,-4.49995043585758,3.21725506798436,25
2925.408,-4.50003158200001,3.21649128258036,25
2926.408,-4.49993237250395,3.21591844352737,25
2927.415,-4.50001351864639,3.21534560447437,25
2928.409,-4.49995043585758,3.21477276542137,25
2929.41,-4.50000450681941,3.21400898001738,25
2930.412,-4.50000450681941,3.21343614096438,25
2931.434,-4.49995944768455,3.21286330191138,25
2932.454,-4.49999549499244,3.21229046285838,25
2933.449,-4.50001351864639,3.21171762380539,25
2934.471,-4.49997747133849,3.21095383840139,25
2935.466,-4.49995944768455,3.21038099934839,25
2936.466,-4.49994138433093,3.20980816029539,25
2937.466,-4.50002257017304,3.2092353212424,25
2938.466,-4.49999549499244,3.2084715358384,25
2939.466,-4.49996845951152,3.2078986967854,25
2940.466,-4.49996845951152,3.20713491138141,25
2941.466,-4.49999549499244,3.20656207232841,25
2942.466,-4.49995043585758,3.20618017962641,25
2943.466,-4.49999549499244,3.20541639422242,25
2944.455,-4.49999549499244,3.20484355516942,25
2945.461,-4.49998648316547,3.20407976976542,25
2946.456,-4.50005861748093,3.20350693071242,25
2947.462,-4.50001351864639,3.20293409165943,25
2948.458,-4.49998648316547,3.20255219895743,25
2949.465,-4.50001351864639,3.20159746720243,25
2950.46,-4.50001351864639,3.20102462814944,25
2951.484,-4.50001351864639,3.20045178909644,25
2952.479,-4.49995043585758,3.20006989639444,25
2953.468,-4.49999549499244,3.19930611099044,25
2954.477,-4.49993237250395,3.19854232558645,25
2955.471,-4.50001351864639,3.19816043288445,25
2956.483,-4.50007664113487,3.19739664748045,25
2957.503,-4.49999549499244,3.19682380842745,25
2958.498,-4.50001351864639,3.19625096937446,25
2959.508,-4.50004059382698,3.19548718397046,25
2960.487,-4.50002257017304,3.19491434491746,25
2961.506,-4.50002257017304,3.19434150586447,25
2962.49,-4.50000450681941,3.19395961316247,25
2963.491,-4.50004059382698,3.19319582775847,25
2964.51,-4.50002257017304,3.19243204235447,25
2965.505,-4.50005861748093,3.19185920330148,25
2966.526,-4.50004960565395,3.19128636424848,25
2967.521,-4.49997747133849,3.19071352519548,25
2968.542,-4.49992336067698,3.19014068614248,25
2969.537,-4.4999503961579,3.18937690073849,25
2970.537,-4.49999549499244,3.18880406168549,25
2971.537,-4.50001351864639,3.18823122263249,25
2972.558,-4.50000450681941,3.1876583835795,25
2973.553,-4.49998648316547,3.1868945981755,25
2974.574,-4.49995944768455,3.1863217591225,25
2975.569,-4.49995043585758,3.18555797371851,25
2976.569,-4.50003158200001,3.18498513466551,25
2977.569,-4.49997747133849,3.18460324196351,25
2978.569,-4.50005861748093,3.18403040291051,25
2979.569,-4.50007664113487,3.18326661750652,25
2980.569,-4.49995043585758,3.18250283210252,25
2981.569,-4.49991434885001,3.18212093940052,25
2982.569,-4.50002257017304,3.18135715399652,25
2983.569,-4.49999549499244,3.18078431494353,25
2984.569,-4.49999549499244,3.18002052953953,25
2985.569,-4.49998648316547,3.17944769048653,25
2986.569,-4.50004059382698,3.17906579778453,25
2987.569,-4.50003158200001,3.17849295873154,25
2988.569,-4.50002257017304,3.17772917332754,25
2989.569,-4.49996845951152,3.17696538792354,25
2990.569,-4.49997747133849,3.17658349522155,25
2991.569,-4.49998648316547,3.17581970981755,25
2992.569,-4.50002257017304,3.17543781711555,25
2993.558,-4.49997747133849,3.17467403171156,25
2994.564,-4.50000450681941,3.17391024630756,25
2995.558,-4.49999549499244,3.17333740725456,25
2996.584,-4.49997747133849,3.17295551455256,25
2997.579,-4.49991434885001,3.17219172914857,25
2998.568,-4.49999549499244,3.17161889009557,25
2999.575,-4.50003158200001,3.17085510469157,25
3000.581,-4.50002257017304,3.17028226563857,25
3001.603,-4.50000450681941,3.16970942658558,25
3002.585,-4.50002257017304,3.16913658753258,25
3003.593,-4.50007664113487,3.16856374847958,25
3004.588,-4.50004960565395,3.16779996307559,25
3005.596,-4.50001351864639,3.16722712402259,25
3006.619,-4.50001351864639,3.16665428496959,25
3007.614,-4.49999549499244,3.16608144591659,25
3008.603,-4.50002257017304,3.1653176605126,25
3009.603,-4.49996845951152,3.1647448214596,25
3010.61,-4.49999549499244,3.1641719824066,25
3011.615,-4.50000450681941,3.16359914335361,25
3012.638,-4.50008565296184,3.16302630430061,25
3013.622,-4.50005861748093,3.16226251889661,25
3014.63,-4.49998648316547,3.16168967984361,25
3015.647,-4.49995944768455,3.16111684079062,25
3016.63,-4.5000676293079,3.16054400173762,25
3017.637,-4.49989632519606,3.15978021633362,25
3018.645,-4.50002257017304,3.15920737728063,25
3019.646,-4.50000450681941,3.15844359187663,25
3020.639,-4.50005861748093,3.15806169917463,25
3021.638,-4.49999549499244,3.15748886012163,25
3022.648,-4.49996845951152,3.15672507471764,25
3023.643,-4.50002257017304,3.15615223566464,25
3024.657,-4.50004059382698,3.15557939661164,25
3025.652,-4.50008569266152,3.15500655755864,25
3026.666,-4.50000450681941,3.15443371850565,25
3027.646,-4.49997747133849,3.15386087945265,25
3028.652,-4.49987826184244,3.15309709404865,25
3029.647,-4.50005861748093,3.15252425499566,25
3030.664,-4.49995944768455,3.15195141594266,25
3031.659,-4.50000450681941,3.15137857688966,25
3032.659,-4.50001351864639,3.15080573783666,25
3033.659,-4.49996845951152,3.15023289878367,25
3034.68,-4.49999549499244,3.14946911337967,25
3035.675,-4.50004059382698,3.14889627432667,25
3036.675,-4.49996845951152,3.14832343527367,25
3037.675,-4.50003158200001,3.14775059622068,25
3038.675,-4.50002257017304,3.14717775716768,25
3039.675,-4.49998648316547,3.14660491811468,25
3040.675,-4.50004960565395,3.14584113271069,25
3041.675,-4.49999549499244,3.14526829365769,25
3042.675,-4.50004059382698,3.14469545460469,25
3043.697,-4.49999549499244,3.14412261555169,25
3044.692,-4.50002253047336,3.1433588301477,25
3045.713,-4.50005861748093,3.1427859910947,25
3046.709,-4.49995043585758,3.1422131520417,25
3047.709,-4.49994138433093,3.14164031298871,25
3048.709,-4.50000450681941,3.14106747393571,25
3049.709,-4.49997747133849,3.14030368853171,25
3050.709,-4.50003158200001,3.13973084947871,25
3051.709,-4.49997747133849,3.13915801042572,25
3052.709,-4.49999549499244,3.13858517137272,25
3053.709,-4.49999549499244,3.13782138596872,25
3054.696,-4.50000450681941,3.13724854691573,25
3055.702,-4.50004960565395,3.13648476151173,25
3056.719,-4.50002257017304,3.13610286880973,25
3057.714,-4.49997747133849,3.13553002975673,25
3058.735,-4.49999549499244,3.13476624435274,25
3059.731,-4.49996845951152,3.13419340529974,25
3060.731,-4.5000676293079,3.13342961989574,25
3061.729,-4.49994138433093,3.13304772719374,25
3062.749,-4.50000450681941,3.13247488814075,25
3063.745,-4.50003158200001,3.13171110273675,25
3064.745,-4.50007664113487,3.13113826368375,25
3065.745,-4.49999549499244,3.13037447827976,25
3066.765,-4.50000450681941,3.12999258557776,25
3067.76,-4.50004960565395,3.12922880017376,25
3068.78,-4.49999549499244,3.12865596112076,25
3069.775,-4.49997747133849,3.12789217571677,25
3070.775,-4.49999549499244,3.12731933666377,25
3071.775,-4.49997747133849,3.12674649761077,25
3072.775,-4.49994138433093,3.12617365855778,25
3073.775,-4.50004059382698,3.12540987315378,25
3074.776,-4.50007664113487,3.12483703410078,25
3075.775,-4.49997747133849,3.12426419504778,25
3076.776,-4.50012173996941,3.12369135599479,25
3077.776,-4.49992336067698,3.12311851694179,25
3078.775,-4.50003158200001,3.12235473153779,25
3079.776,-4.5000676293079,3.1217818924848,25
3080.776,-4.50000450681941,3.1212090534318,25
3081.776,-4.49995043585758,3.1204452680278,25
3082.775,-4.5000947044885,3.1198724289748,25
3083.775,-4.50007664113487,3.11929958992181,25
3084.775,-4.49992336067698,3.11853580451781,25
3085.775,-4.50007664113487,3.11796296546481,25
3086.776,-4.50002257017304,3.11739012641182,25
3087.775,-4.50002257017304,3.11681728735882,25
3088.798,-4.49992336067698,3.11586255560382,25
3089.792,-4.50001355834606,3.11528971655083,25
3090.813,-4.5000676293079,3.11471687749783,25
3091.808,-4.50003158200001,3.11414403844483,25
3092.808,-4.50001355834606,3.11338025304083,25
3093.808,-4.49997747133849,3.11280741398784,25
3094.808,-4.49986925001547,3.11204362858384,25
3095.808,-4.49995944768455,3.11166173588184,25
3096.808,-4.50001355834606,3.11108889682884,25
3097.808,-4.49997747133849,3.11013416507385,25
3098.808,-4.49994138433093,3.10937037966985,25
3099.808,-4.49998648316547,3.10898848696785,25
3100.808,-4.5000676293079,3.10841564791486,25
3101.808,-4.50004960565395,3.10784280886186,25
3102.808,-4.49995043585758,3.10688807710686,25
3103.808,-4.50004960565395,3.10631523805387,25
3104.808,-4.49995944768455,3.10574239900087,25
3105.808,-4.49996845951152,3.10497861359687,25
3106.808,-4.49995043585758,3.10440577454387,25
3107.808,-4.49999549499244,3.10364198913988,25
3108.808,-4.5000947044885,3.10306915008688,25
3109.808,-4.49999549499244,3.10249631103388,25
3110.808,-4.50002257017304,3.10192347198089,25
3111.808,-4.5000947044885,3.10115968657689,25
3112.808,-4.50002257017304,3.10039590117289,25
3113.808,-4.50000450681941,3.0998230621199,25
3114.808,-4.50000450681941,3.0992502230669,25
3115.808,-4.50004059382698,3.0984864376629,25
3116.808,-4.49998648316547,3.09772265225891,25
3117.808,-4.49993237250395,3.09714981320591,25
3118.808,-4.50007664113487,3.09657697415291,25
3119.808,-4.50004059382698,3.09600413509991,25
3120.808,-4.49998648316547,3.09504940334492,25
3121.808,-4.49995944768455,3.09447656429192,25
3122.828,-4.50003158200001,3.09371277888792,25
3123.823,-4.5000676293079,3.09313993983493,25
3124.846,-4.50004059382698,3.09237615443093,25
3125.854,-4.49995944768455,3.09161236902693,25
3126.831,-4.49995043585758,3.09084858362294,25
3127.857,-4.49997747133849,3.09027574456994,25
3128.852,-4.49995944768455,3.08970290551694,25
3129.875,-4.50003158200001,3.08874817376195,25
3130.87,-4.50003158200001,3.08817533470895,25
3131.87,-4.49996845951152,3.08741154930495,25
3132.87,-4.50001351864639,3.08683871025195,25
3133.87,-4.50000450681941,3.08607492484796,25
3134.87,-4.50004960565395,3.08550208579496,25
3135.87,-4.50000450681941,3.08473830039096,25
3136.87,-4.49995043585758,3.08397451498697,25
3137.884,-4.49998648316547,3.08340167593397,25
3138.886,-4.49997747133849,3.08244694417897,25
3139.865,-4.50007664113487,3.08187410512598,25
3140.87,-4.50002257017304,3.08130126607298,25
3141.865,-4.50001355834606,3.08034653431798,25
3142.871,-4.50004059382698,3.07958274891399,25
3143.866,-4.50001351864639,3.07900990986099,25
3144.874,-4.49994138433093,3.07824612445699,25
3145.868,-4.50001351864639,3.077673285404,25
3146.875,-4.50003158200001,3.0769095,25
3147.87,-4.49995944768455,3.076145714596,25
3148.876,-4.50001355834606,3.07519098284101,25
3149.881,-4.50000450681941,3.07480909013901,25
3150.876,-4.50002257017304,3.07385435838401,25
3151.887,-4.49998648316547,3.07309057298002,25
3152.887,-4.49992336067698,3.07251773392702,25
3153.887,-4.49997747133849,3.07175394852302,25
3154.887,-4.50004059382698,3.07118110947003,25
3155.887,-4.49997747133849,3.07022637771503,25
3156.887,-4.49999549499244,3.06946259231103,25
3157.887,-4.49999549499244,3.06888975325804,25
3158.887,-4.50000450681941,3.06793502150304,25
3159.888,-4.50007664113487,3.06717123609904,25
3160.887,-4.49998648316547,3.06640745069505,25
3161.888,-4.49996845951152,3.06564366529105,25
3162.888,-4.49995944768455,3.06507082623805,25
3163.888,-4.49999549499244,3.06411609448306,25
3164.888,-4.50004059382698,3.06335230907906,25
3165.888,-4.49995944768455,3.06277947002606,25
3166.888,-4.49998648316547,3.06182473827107,25
3167.888,-4.50005861748093,3.06125189921807,25
3168.888,-4.50002257017304,3.06029716746308,25
3169.888,-4.50004960565395,3.05972432841008,25
3170.887,-4.50000450681941,3.05876959665508,25
3171.888,-4.50001351864639,3.05800581125109,25
3172.887,-4.50001355834606,3.05705107949609,25
3173.887,-4.49997747133849,3.05647824044309,25
3174.888,-4.50001351864639,3.0557144550391,25
3175.888,-4.50001351864639,3.0547597232841,25
3176.901,-4.49995043585758,3.0539959378801,25
3177.88,-4.49994138433093,3.05323215247611,25
3178.886,-4.50004059382698,3.05246836707211,25
3179.881,-4.50002257017304,3.05151363531712,25
3180.886,-4.49992336067698,3.05074984991312,25
3181.881,-4.50000450681941,3.04998606450912,25
3182.888,-4.49998648316547,3.04903133275413,25
3183.882,-4.49995944768455,3.04826754735013,25
3184.883,-4.49994138433093,3.04750376194613,25
3185.89,-4.50003158200001,3.04673997654214,25
3186.894,-4.50000450681941,3.04578524478714,25
3187.918,-4.49995944768455,3.04483051303215,25
3188.913,-4.50003158200001,3.04425767397915,25
3189.914,-4.50000450681941,3.04330294222415,25
3190.925,-4.50004960565395,3.04234821046916,25
3191.92,-4.49995944768455,3.04158442506516,25
3192.92,-4.50004059382698,3.04082063966116,25
3193.928,-4.49997747133849,3.03967496155517,25
3194.924,-4.50003158200001,3.03891117615117,25
3195.924,-4.50000450681941,3.03814739074718,25
3196.924,-4.50000450681941,3.03719265899218,25
3197.924,-4.49999549499244,3.03623792723718,25
3198.924,-4.49998648316547,3.03547414183319,25
3199.924,-4.49992336067698,3.03471035642919,25
3200.924,-4.49996845951152,3.0337556246742,25
3201.923,-4.50011272814244,3.0329918392702,25
3202.923,-4.50002257017304,3.0320371075152,25
3203.923,-4.50000450681941,3.03108237576021,25
3204.924,-4.49997747133849,3.03012764400521,25
3205.923,-4.49999549499244,3.02936385860122,25
3206.924,-4.50004960565395,3.02840912684622,25
3207.923,-4.49995043585758,3.02745439509122,25
3208.923,-4.49998648316547,3.02649966333623,25
3209.924,-4.49995944768455,3.02554493158123,25
3210.924,-4.50002257017304,3.02459019982624,25
3211.924,-4.49999549499244,3.02363546807124,25
3212.923,-4.49995043585758,3.02287168266725,25
3213.924,-4.50004960565395,3.02210789726325,25
3214.923,-4.49999549499244,3.02096221915725,25
3215.924,-4.49999549499244,3.02000748740226,25
3216.924,-4.49997747133849,3.01905275564726,25
3217.923,-4.50002257017304,3.01809802389227,25
3218.923,-4.50003158200001,3.01714329213727,25
3219.923,-4.50000450681941,3.01618856038228,25
3220.924,-4.49999549499244,3.01504288227628,25
3221.924,-4.49995944768455,3.01408815052129,25
3222.924,-4.50000450681941,3.01313341876629,25
3223.923,-4.49999549499244,3.0119877406603,25
3224.944,-4.49998648316547,3.0112239552563,25
3225.939,-4.49997747133849,3.0102692235013,25
3226.939,-4.50001351864639,3.00931449174631,25
3227.939,-4.50001351864639,3.00816881364031,25
3228.939,-4.49997747133849,3.00740502823632,25
3229.939,-4.49997747133849,3.00625935013032,25
3230.939,-4.50000450681941,3.00511367202433,25
3231.961,-4.50001351864639,3.00415894026933,25
3232.961,-4.50007664113487,3.00301326216334,25
3233.956,-4.49998648316547,3.00186758405734,25
3234.956,-4.50000450681941,3.00110379865334,25
3235.956,-4.49995944768455,2.99995812054735,25
3236.956,-4.50004059382698,2.99881244244136,25
3237.956,-4.49997747133849,2.99785771068636,25
3238.956,-4.50004960565395,2.99671203258036,25
3239.956,-4.50003158200001,2.99575730082537,25
3240.956,-4.49998648316547,2.99461162271937,25
3241.956,-4.50002257017304,2.99346594461338,25
3242.956,-4.50001355834606,2.99251121285838,25
3243.956,-4.50001351864639,2.99136553475239,25
3244.956,-4.50000450681941,2.99021985664639,25
3245.956,-4.50002257017304,2.9892651248914,25
3246.977,-4.50004059382698,2.9879285004344,25
3247.972,-4.49998648316547,2.98678282232841,25
3248.993,-4.50002257017304,2.98582809057341,25
3249.993,-4.50003158200001,2.98449146611642,25
3250.994,-4.50000450681941,2.98353673436142,25
3251.994,-4.50001355834606,2.98239105625543,25
3252.994,-4.50004059382698,2.98124537814944,25
3254.02,-4.49999549499244,2.98009970004344,25
3255.046,-4.49997747133849,2.97876307558645,25
3256.046,-4.50000450681941,2.97761739748045,25
3257.073,-4.49999549499244,2.97647171937446,25
3258.074,-4.50004960565395,2.97532604126846,25
3259.1,-4.50000450681941,2.97398941681147,25
3260.1,-4.50001355834606,2.97284373870547,25
3261.1,-4.50002257017304,2.97150711424848,25
3262.127,-4.50007664113487,2.97055238249348,25
3263.127,-4.49999549499244,2.96902481168549,25
3264.154,-4.49995944768455,2.9678791335795,25
3265.154,-4.49999549499244,2.9667334554735,25
3266.154,-4.49994138433093,2.96539683101651,25
3266.989,-4.50002257017304,2.96444209926151,25
3267.989,-4.49998648316547,2.96310547480452,25
3268.988,-4.49995043585758,2.96195979669852,25
3269.988,-4.50000450681941,2.96062317224153,25
3270.988,-4.49997747133849,2.95928654778454,25
3271.988,-4.50001351864639,2.95814086967854,25
3272.988,-4.49998648316547,2.95661329887055,25
3273.988,-4.50002257017304,2.95565856711555,25
3274.989,-4.49998648316547,2.95432194265856,25
3276.009,-4.5000676293079,2.95279437185056,25
3277.004,-4.50004960565395,2.95145774739357,25
3278.004,-4.50004960565395,2.95012112293658,25
3279.004,-4.49999549499244,2.94897544483058,25
3280.004,-4.49998648316547,2.94744787402259,25
3281.004,-4.49993237250395,2.9461112495656,25
3282.004,-4.49997747133849,2.9447746251086,25
3283.004,-4.50004059382698,2.94362894700261,25
3284.004,-4.50004059382698,2.94210137619461,25
3285.004,-4.49996845951152,2.94076475173762,25
3286.004,-4.50001355834606,2.93923718092963,25
3287.004,-4.50002257017304,2.93790055647263,25
3288.004,-4.49995043585758,2.93656393201564,25
3289.004,-4.50007664113487,2.93503636120765,25
3290.004,-4.49995043585758,2.93369973675065,25
3291.004,-4.50002257017304,2.93236311229366,25
3292.004,-4.49998648316547,2.93102648783666,25
3293.004,-4.50001351864639,2.92949891702867,25
3294.004,-4.50004059382698,2.92816229257168,25
3295.004,-4.49999549499244,2.92663472176368,25
3296.004,-4.49995944768455,2.92510715095569,25
3297.004,-4.50005861748093,2.9235795801477,25
3298.004,-4.49999549499244,2.9222429556907,25
3299.004,-4.49998648316547,2.92071538488271,25
3300.004,-4.50002257017304,2.91918781407472,25
3301.004,-4.50000450681941,2.91766024326672,25
3302.004,-4.50002257017304,2.91613267245873,25
3303.004,-4.50002257017304,2.91441415529974,25
3304.004,-4.49999549499244,2.91307753084275,25
3305.004,-4.49996845951152,2.91154996003475,25
3306.004,-4.49995944768455,2.91002238922676,25
3307.004,-4.50001355834606,2.90830387206777,25
3308.004,-4.50003158200001,2.90677630125977,25
3309.004,-4.49998648316547,2.90524873045178,25
3310.004,-4.50001351864639,2.90353021329279,25
3311.004,-4.49996845951152,2.9020026424848,25
3312.004,-4.5000676293079,2.9004750716768,25
3313.004,-4.49996845951152,2.89856560816681,25
3314.004,-4.49996845951152,2.89722898370982,25
3315.004,-4.49998648316547,2.89531952019983,25
3316.004,-4.50004059382698,2.89379194939183,25
3317.004,-4.50000450681941,2.89207343223284,25
3318.004,-4.50003158200001,2.89054586142485,25
3319.004,-4.49993237250395,2.88863639791486,25
3320.004,-4.50003158200001,2.88691788075586,25
3321.004,-4.50000450681941,2.88539030994787,25
3322.004,-4.49999549499244,2.88348084643788,25
3323.004,-4.50003158200001,2.88195327562989,25
3324.004,-4.4999414240306,2.8800438121199,25
3325.004,-4.50005861748093,2.8783252949609,25
3326.004,-4.49992336067698,2.87660677780191,25
3327.004,-4.50004960565395,2.87488826064292,25
3328.004,-4.50004059382698,2.87316974348393,25
3329.004,-4.49998648316547,2.87106933362294,25
3330.004,-4.49999549499244,2.86935081646394,25
3331.004,-4.49996845951152,2.86744135295395,25
3332.004,-4.50003158200001,2.86572283579496,25
3333.004,-4.50005861748093,2.86381337228497,25
3334.004,-4.49996845951152,2.86190390877498,25
3335.004,-4.50000450681941,2.86037633796699,25
3336.004,-4.49999549499244,2.85827592810599,25
3337.004,-4.50000450681941,2.856366464596,25
3338.004,-4.50004059382698,2.85445700108601,25
3339.004,-4.49997747133849,2.85235659122502,25
3340.004,-4.50002257017304,2.85044712771503,25
3341.004,-4.4999503961579,2.84853766420504,25
3342.004,-4.50004960565395,2.84662820069505,25
3343.025,-4.50003158200001,2.84471873718506,25
3344.021,-4.49996845951152,2.84261832732407,25
3345.02,-4.50003158200001,2.84051791746308,25
3346.02,-4.49997747133849,2.83860845395308,25
3347.042,-4.49995944768455,2.83650804409209,25
3348.037,-4.50003158200001,2.8344076342311,25
3349.037,-4.50002257017304,2.83249817072111,25
3350.037,-4.49999549499244,2.83039776086012,25
3351.037,-4.49998648316547,2.82810640464813,25
3352.037,-4.49995043585758,2.82619694113814,25
3353.037,-4.49998648316547,2.82390558492615,25
3354.037,-4.50002257017304,2.82180517506516,25
3355.037,-4.50004960565395,2.81951381885317,25
3356.037,-4.49999549499244,2.81741340899218,25
3357.037,-4.50003158200001,2.81512205278019,25
3358.037,-4.49999549499244,2.8128306965682,25
3359.037,-4.50003158200001,2.81053934035621,25
3360.037,-4.50003158200001,2.80843893049522,25
3361.037,-4.49995043585758,2.80614757428323,25
3362.037,-4.50000450681941,2.80366527172024,25
3363.037,-4.49993237250395,2.80137391550825,25
3364.037,-4.50004059382698,2.79908255929626,25
3365.037,-4.49996845951152,2.79640931038228,25
3366.037,-4.50001351864639,2.79411795417029,25
3367.037,-4.50004059382698,2.7916356516073,25
3368.037,-4.49999549499244,2.78915334904431,25
3369.037,-4.50002257017304,2.78667104648132,25
3370.057,-4.49998648316547,2.78399779756733,25
3371.052,-4.49997747133849,2.78151549500434,25
3372.052,-4.49993237250395,2.77884224609036,25
3373.074,-4.49996845951152,2.77597805082537,25
3374.1,-4.50000450681941,2.77330480191138,25
3375.069,-4.49996845951152,2.77063155299739,25
3376.069,-4.50002257017304,2.76795830408341,25
3377.069,-4.49998648316547,2.76509410881842,25
3378.069,-4.49992336067698,2.76222991355343,25
3379.068,-4.49999549499244,2.75936571828844,25
3380.069,-4.49998648316547,2.75650152302346,25
3381.069,-4.49995944768455,2.75363732775847,25
3382.068,-4.50004059382698,2.75058218614248,25
3383.069,-4.50002257017304,2.7475270445265,25
3384.069,-4.50002257017304,2.74447190291051,25
3385.068,-4.50002257017304,2.74122581494353,25
3386.069,-4.50000450681941,2.73817067332754,25
3387.069,-4.50004960565395,2.73492458536056,25
3388.069,-4.49992336067698,2.73148755104257,25
3389.069,-4.50003158200001,2.72824146307559,25
3390.069,-4.50001355834606,2.7248044287576,25
3391.089,-4.49999549499244,2.72117644808862,25
3392.084,-4.50000450681941,2.71793036012163,25
3393.084,-4.49993237250395,2.71430237945265,25
3394.084,-4.50001351864639,2.71067439878367,25
3395.084,-4.49998648316547,2.70685547176368,25
3396.084,-4.50005861748093,2.7032274910947,25
3397.084,-4.50001351864639,2.69940856407472,25
3398.084,-4.50003158200001,2.69539869070374,25
3399.084,-4.49997747133849,2.69138881733275,25
3400.084,-4.50003158200001,2.68737894396177,25
3401.084,-4.5000947044885,2.68356001694179,25
3402.084,-4.49997747133849,2.67916825086881,25
3403.084,-4.49995043585758,2.67477648479583,25
3404.084,-4.50004059382698,2.67038471872285,25
3405.084,-4.49995043585758,2.66599295264987,25
3406.084,-4.49999549499244,2.66160118657689,25
3407.084,-4.50005861748093,2.65701847415291,25
3408.084,-4.50001351864639,2.65243576172893,25
3409.084,-4.49999549499244,2.64766210295395,25
3410.084,-4.50000450681941,2.64269749782798,25
3411.084,-4.50004960565395,2.637923839053,25
3412.084,-4.49995043585758,2.63276828757602,25
3413.084,-4.49995944768455,2.62780368245004,25
3414.084,-4.49994138433093,2.62264813097307,25
3415.084,-4.49997747133849,2.61730163314509,25
3416.084,-4.49996845951152,2.61195513531712,25
3417.084,-4.50004960565395,2.60641769113814,25
3418.084,-4.50003158200001,2.60088024695917,25
3419.084,-4.49999549499244,2.59515185642919,25
3420.084,-4.50001351864639,2.58942346589922,25
3421.084,-4.50001351864639,2.58350412901825,25
3422.084,-4.49997747133849,2.57758479213727,25
3423.084,-4.50002257017304,2.5714745089053,25
3424.084,-4.50002257017304,2.56536422567333,25
3425.084,-4.49995944768455,2.55906299609036,25
3426.084,-4.50004059382698,2.55257082015639,25
3427.084,-4.50001355834606,2.54607864422242,25
3428.084,-4.50004059382698,2.53958646828844,25
3429.084,-4.49991434885001,2.53290334600347,25
3430.084,-4.49997747133849,2.52602927736751,25
3431.084,-4.49998648316547,2.51915520873154,25
3432.084,-4.50001351864639,2.51209019374457,25
3433.084,-4.49992336067698,2.5048342324066,25
3433.758,-4.50004059382698,2.49986962728063,25
3433.786,-4.50000450681941,2.49948773457863,25
